-- phpMyAdmin SQL Dump
-- version 4.6.5.2
-- https://www.phpmyadmin.net/
--
-- Servidor: 127.0.0.1
-- Tiempo de generación: 27-08-2017 a las 20:36:12
-- Versión del servidor: 10.1.21-MariaDB
-- Versión de PHP: 5.6.30
USE INVERSIONES_OFICIAL;
SET SQL_MODE = "NO_AUTO_VALUE_ON_ZERO";
SET time_zone = "+00:00";


/*!40101 SET @OLD_CHARACTER_SET_CLIENT=@@CHARACTER_SET_CLIENT */;
/*!40101 SET @OLD_CHARACTER_SET_RESULTS=@@CHARACTER_SET_RESULTS */;
/*!40101 SET @OLD_COLLATION_CONNECTION=@@COLLATION_CONNECTION */;
/*!40101 SET NAMES utf8mb4 */;

USE INVERSIONES_OFICIAL;

--
-- Base de datos: `inversiones_desarrollo`
--

--
-- Volcado de datos para la tabla `inv_0001_empresa`
--

INSERT INTO `empresa` (`id_empresa`, `cuit`, `razon_Social`, `descrip_Actividad`, `fecha_Alta`) VALUES
(1, '39408235', 'COCA COLA', 'VENTA DE COCA COLA', '2017-08-08'),
(2, '39408236', 'MUSIMUNDO', 'VENDE ELECTRODOMESTICOS', '2017-08-27'),
(3, '39408237', 'FRAVEGA', 'PRIMEROS SIEMPRE', '2017-08-27'),
(4, '39408238', 'TRES PARCELAS', 'AGROPECUARIA', '2017-08-27');

--
-- Volcado de datos para la tabla `inv_0002_cuenta`
--
INSERT INTO INDICADOR_ECONOMICO (id_indicador_economico, nombre,disc) VALUES
(127, 'Activo', 'cuenta'),
(128, 'Activo Circulante','cuenta'),
(129, 'Efectivo en Caja', 'cuenta'),
(130, 'Fondos en Bancos', 'cuenta'),
(131, 'Inversiones', 'cuenta'),
(132, 'Cuentas por cobrar', 'cuenta'),
(133, 'Deudores diversos', 'cuenta'),
(134, 'Inventario de Mercancia', 'cuenta'),
(135, 'Impuesto pagados por anticipados', 'cuenta'),
(136, 'Activo Fijo', 'cuenta'),
(137, 'Terrenos', 'cuenta'),
(138, 'Edificios', 'cuenta'),
(139, 'Mobiliario y equipo de oficina', 'cuenta'),
(140, 'Equipo rodante', 'cuenta'),
(141, 'Herramientas y enseres', 'cuenta'),
(142, 'Activo diferido','cuenta'),
(143, 'Gastos de organizacion e instalacion','cuenta'),
(144, 'Mejoras en propiedades rentadas', 'cuenta'),
(145, 'Otros Activo', 'cuenta'),
(146, 'Depositos en garantias', 'cuenta'),
(147, 'Activo fijo obsoleto', 'cuenta'),
(148, 'Cuentas Complementarias del Activo', 'cuenta'),
(149, 'Estimacion para cuentas incobrables', 'cuenta'),
(150, 'Depreciacion acumulada de edificios', 'cuenta'),
(151, 'Depreciacion acumulada de mobiliario y equipo de oficina', 'cuenta'),
(152, 'Depreciacion acumulada de equipo rodante', 'cuenta'),
(153, 'Depreciacion acumulada de herramientas y enseres.', 'cuenta'),
(154, 'Pasivo', 'cuenta'),
(155, 'Pasivo Circulante', 'cuenta'),
(156, 'Proveedores', 'cuenta'),
(157, 'Documentos por pagar', 'cuenta'),
(158, 'Acreedores diversos', 'cuenta'),
(159, 'Retenciones por pagar','cuenta'),
(160, 'Retenciones sociales', 'cuenta'),
(161, 'Capital Contable','cuenta'),
(162, 'Capital Social', 'cuenta'),
(163, 'Donaciones', 'cuenta'),
(164, 'Reservas estatuarias', 'cuenta'),
(165, 'Utilidades o perdidas acumuladas','cuenta'),
(166, 'Ingresos', 'cuenta'),
(167, 'Ventas', 'cuenta'),
(168, 'Ingresos Financieros', 'cuenta'),
(169, 'Otros ingresos', 'cuenta'),
(170, 'Costo', 'cuenta'),
(171, 'Costos de venta', 'cuenta'),
(172, 'Gastos', 'cuenta'),
(173, 'Gastos de venta', 'cuenta'),
(174, 'Gastos de Administracion', 'cuenta'),
(175, 'Gastos financieros','cuenta'),
(176, 'Otros Gastos', 'cuenta'),
(177, 'Orden', 'cuenta'),
(178, 'Caja del comitente','cuenta'),
(179, 'Comitente cuenta Caja', 'cuenta'),
(180, 'Clientes del comitente', 'cuenta'),
(181, 'Comitente cuenta de cliente', 'cuenta');


INSERT INTO cuenta(id_cuenta, codigoCuenta) VALUES
(127, '1'),
(128, '11'),
(129,  '111'),
(130,  '112'),
(131,  '113'),
(132, '114'),
(133,  '115'),
(134,  '116'),
(135,  '117'),
(136, '12'),
(137,  '121'),
(138,  '122'),
(139,  '123'),
(140, '124'),
(141,  '125'),
(142,  '13'),
(143,  '131'),
(144, '132'),
(145,  '14'),
(146,  '141'),
(147,  '142'),
(148,  '15'),
(149,  '151'),
(150,  '152'),
(151,  '153'),
(152, '154'),
(153,  '155'),
(154,  '2'),
(155, '21'),
(156, '211'),
(157,  '212'),
(158,  '213'),
(159,  '214'),
(160, '215'),
(161, '3'),
(162,  '311'),
(163,  '312'),
(164, '313'),
(165, '314'),
(166,  '4'),
(167,'411'),
(168,  '412'),
(169,  '413'),
(170,  '5'),
(171,  '511'),
(172,  '6'),
(173, '611'),
(174, '612'),
(175,  '613'),
(176,  '614'),
(177, '7'),
(178, '711'),
(179,  '712'),
(180,  '713'),
(181,  '714');

--
-- Volcado de datos para la tabla `inv_0005_balance`
--

INSERT INTO `balance` (`id_balance`, `id_Empresa`, `fecha_Comienzo`, `fecha_Cierre`) VALUES
(6, 1, '2016-05-01', '2017-05-01'),
(7, 1, '2015-05-01', '2016-05-01'),
(8, 1, '2014-05-01', '2015-05-01'),
(9, 1, '2013-05-01', '2014-05-01'),
(10, 1, '2012-05-01', '2013-05-01'),
(11, 1, '2011-05-01', '2012-05-01'),
(12, 1, '2010-05-01', '2011-05-01'),
(13, 1, '2009-05-01', '2010-05-01'),
(14, 1, '2008-05-01', '2009-05-01'),
(15, 1, '2007-05-01', '2008-05-01'),
(16, 1, '2006-05-01', '2007-05-01'),
(17, 1, '2005-05-01', '2006-05-01'),
(18, 1, '2004-05-01', '2005-05-01'),
(19, 1, '2003-05-01', '2004-05-01'),
(20, 1, '2002-05-01', '2003-05-01'),
(21, 1, '2001-05-01', '2002-05-01'),
(22, 1, '2000-05-01', '2001-05-01'),
(23, 2, '2016-05-01', '2017-05-01'),
(24, 2, '2015-05-01', '2016-05-01'),
(25, 2, '2014-05-01', '2015-05-01'),
(26, 2, '2013-05-01', '2014-05-01'),
(27, 2, '2012-05-01', '2013-05-01'),
(28, 2, '2011-05-01', '2012-05-01'),
(29, 2, '2010-05-01', '2011-05-01'),
(30, 2, '2009-05-01', '2010-05-01'),
(31, 2, '2008-05-01', '2009-05-01'),
(32, 2, '2007-05-01', '2008-05-01'),
(33, 2, '2006-05-01', '2007-05-01'),
(34, 2, '2005-05-01', '2006-05-01'),
(35, 2, '2004-05-01', '2005-05-01'),
(36, 2, '2003-05-01', '2004-05-01'),
(37, 2, '2002-05-01', '2003-05-01'),
(38, 2, '2001-05-01', '2002-05-01'),
(39, 2, '2000-05-01', '2001-05-01'),
(40, 3, '2016-05-01', '2017-05-01'),
(41, 3, '2015-05-01', '2016-05-01'),
(42, 3, '2014-05-01', '2015-05-01'),
(43, 3, '2013-05-01', '2014-05-01'),
(44, 3, '2012-05-01', '2013-05-01'),
(45, 3, '2011-05-01', '2012-05-01'),
(46, 3, '2010-05-01', '2011-05-01'),
(47, 3, '2009-05-01', '2010-05-01'),
(48, 3, '2008-05-01', '2009-05-01'),
(49, 3, '2007-05-01', '2008-05-01'),
(50, 3, '2006-05-01', '2007-05-01'),
(51, 3, '2005-05-01', '2006-05-01'),
(52, 3, '2004-05-01', '2005-05-01'),
(53, 3, '2003-05-01', '2004-05-01'),
(54, 3, '2002-05-01', '2003-05-01'),
(55, 3, '2001-05-01', '2002-05-01'),
(56, 3, '2000-05-01', '2001-05-01'),
(57, 4, '2016-05-01', '2017-05-01'),
(58, 4, '2015-05-01', '2016-05-01'),
(59, 4, '2014-05-01', '2015-05-01'),
(60, 4, '2013-05-01', '2014-05-01'),
(61, 4, '2012-05-01', '2013-05-01'),
(62, 4, '2011-05-01', '2012-05-01'),
(63, 4, '2010-05-01', '2011-05-01'),
(64, 4, '2009-05-01', '2010-05-01'),
(65, 4, '2008-05-01', '2009-05-01'),
(66, 4, '2007-05-01', '2008-05-01'),
(67, 4, '2006-05-01', '2007-05-01'),
(68, 4, '2005-05-01', '2006-05-01'),
(69, 4, '2004-05-01', '2005-05-01'),
(70, 4, '2003-05-01', '2004-05-01'),
(71, 4, '2002-05-01', '2003-05-01'),
(72, 4, '2001-05-01', '2002-05-01'),
(73, 4, '2000-05-01', '2001-05-01');

--
-- Volcado de datos para la tabla `inv_0006_cuenta_valor`
--


INSERT INTO `cuenta_valor` (`id_cuenta_valor`, `id_Balance`, `id_Cuenta`, `valor`) VALUES
(16, 6, 127, '0.00'),
(17, 6, 128, '0.00'),
(18, 6, 129, '0.00'),
(19, 6, 130, '0.00'),
(20, 6, 131, '0.00'),
(21, 6, 132, '0.00'),
(22, 6, 133, '0.00'),
(23, 6, 134, '0.00'),
(24, 6, 135, '0.00'),
(25, 6, 136, '0.00'),
(26, 6, 137, '0.00'),
(27, 6, 138, '0.00'),
(28, 6, 139, '0.00'),
(29, 6, 140, '0.00'),
(30, 6, 141, '0.00'),
(31, 6, 142, '0.00'),
(32, 6, 143, '0.00'),
(33, 6, 144, '0.00'),
(34, 6, 145, '0.00'),
(35, 6, 146, '0.00'),
(36, 6, 147, '0.00'),
(37, 6, 148, '0.00'),
(38, 6, 149, '0.00'),
(39, 6, 150, '0.00'),
(40, 6, 151, '0.00'),
(41, 6, 152, '0.00'),
(42, 6, 153, '0.00'),
(43, 6, 154, '0.00'),
(44, 6, 155, '0.00'),
(45, 6, 156, '0.00'),
(46, 6, 157, '0.00'),
(47, 6, 158, '0.00'),
(48, 6, 159, '0.00'),
(49, 6, 160, '0.00'),
(50, 6, 161, '0.00'),
(51, 6, 162, '0.00'),
(52, 6, 163, '0.00'),
(53, 6, 164, '0.00'),
(54, 6, 165, '0.00'),
(55, 6, 166, '0.00'),
(56, 6, 167, '0.00'),
(57, 6, 168, '0.00'),
(58, 6, 169, '0.00'),
(59, 6, 170, '0.00'),
(60, 6, 171, '0.00'),
(61, 6, 172, '0.00'),
(62, 6, 173, '0.00'),
(63, 6, 174, '0.00'),
(64, 6, 175, '0.00'),
(65, 6, 176, '0.00'),
(66, 6, 177, '0.00'),
(67, 6, 178, '0.00'),
(68, 6, 179, '0.00'),
(69, 6, 180, '0.00'),
(70, 6, 181, '0.00'),
(71, 7, 127, '0.00'),
(72, 7, 128, '0.00'),
(73, 7, 129, '0.00'),
(74, 7, 130, '0.00'),
(75, 7, 131, '0.00'),
(76, 7, 132, '0.00'),
(77, 7, 133, '0.00'),
(78, 7, 134, '0.00'),
(79, 7, 135, '0.00'),
(80, 7, 136, '0.00'),
(81, 7, 137, '0.00'),
(82, 7, 138, '0.00'),
(83, 7, 139, '0.00'),
(84, 7, 140, '0.00'),
(85, 7, 141, '0.00'),
(86, 7, 142, '0.00'),
(87, 7, 143, '0.00'),
(88, 7, 144, '0.00'),
(89, 7, 145, '0.00'),
(90, 7, 146, '0.00'),
(91, 7, 147, '0.00'),
(92, 7, 148, '0.00'),
(93, 7, 149, '0.00'),
(94, 7, 150, '0.00'),
(95, 7, 151, '0.00'),
(96, 7, 152, '0.00'),
(97, 7, 153, '0.00'),
(98, 7, 154, '0.00'),
(99, 7, 155, '0.00'),
(100, 7, 156, '0.00'),
(101, 7, 157, '0.00'),
(102, 7, 158, '0.00'),
(103, 7, 159, '0.00'),
(104, 7, 160, '0.00'),
(105, 7, 161, '0.00'),
(106, 7, 162, '0.00'),
(107, 7, 163, '0.00'),
(108, 7, 164, '0.00'),
(109, 7, 165, '0.00'),
(110, 7, 166, '0.00'),
(111, 7, 167, '0.00'),
(112, 7, 168, '0.00'),
(113, 7, 169, '0.00'),
(114, 7, 170, '0.00'),
(115, 7, 171, '0.00'),
(116, 7, 172, '0.00'),
(117, 7, 173, '0.00'),
(118, 7, 174, '0.00'),
(119, 7, 175, '0.00'),
(120, 7, 176, '0.00'),
(121, 7, 177, '0.00'),
(122, 7, 178, '0.00'),
(123, 7, 179, '0.00'),
(124, 7, 180, '0.00'),
(125, 7, 181, '0.00'),
(126, 8, 127, '0.00'),
(127, 8, 128, '0.00'),
(128, 8, 129, '0.00'),
(129, 8, 130, '0.00'),
(130, 8, 131, '0.00'),
(131, 8, 132, '0.00'),
(132, 8, 133, '0.00'),
(133, 8, 134, '0.00'),
(134, 8, 135, '0.00'),
(135, 8, 136, '0.00'),
(136, 8, 137, '0.00'),
(137, 8, 138, '0.00'),
(138, 8, 139, '0.00'),
(139, 8, 140, '0.00'),
(140, 8, 141, '0.00'),
(141, 8, 142, '0.00'),
(142, 8, 143, '0.00'),
(143, 8, 144, '0.00'),
(144, 8, 145, '0.00'),
(145, 8, 146, '0.00'),
(146, 8, 147, '0.00'),
(147, 8, 148, '0.00'),
(148, 8, 149, '0.00'),
(149, 8, 150, '0.00'),
(150, 8, 151, '0.00'),
(151, 8, 152, '0.00'),
(152, 8, 153, '0.00'),
(153, 8, 154, '0.00'),
(154, 8, 155, '0.00'),
(155, 8, 156, '0.00'),
(156, 8, 157, '0.00'),
(157, 8, 158, '0.00'),
(158, 8, 159, '0.00'),
(159, 8, 160, '0.00'),
(160, 8, 161, '0.00'),
(161, 8, 162, '0.00'),
(162, 8, 163, '0.00'),
(163, 8, 164, '0.00'),
(164, 8, 165, '0.00'),
(165, 8, 166, '0.00'),
(166, 8, 167, '0.00'),
(167, 8, 168, '0.00'),
(168, 8, 169, '0.00'),
(169, 8, 170, '0.00'),
(170, 8, 171, '0.00'),
(171, 8, 172, '0.00'),
(172, 8, 173, '0.00'),
(173, 8, 174, '0.00'),
(174, 8, 175, '0.00'),
(175, 8, 176, '0.00'),
(176, 8, 177, '0.00'),
(177, 8, 178, '0.00'),
(178, 8, 179, '0.00'),
(179, 8, 180, '0.00'),
(180, 8, 181, '0.00'),
(181, 9, 127, '0.00'),
(182, 9, 128, '0.00'),
(183, 9, 129, '0.00'),
(184, 9, 130, '0.00'),
(185, 9, 131, '0.00'),
(186, 9, 132, '0.00'),
(187, 9, 133, '0.00'),
(188, 9, 134, '0.00'),
(189, 9, 135, '0.00'),
(190, 9, 136, '0.00'),
(191, 9, 137, '0.00'),
(192, 9, 138, '0.00'),
(193, 9, 139, '0.00'),
(194, 9, 140, '0.00'),
(195, 9, 141, '0.00'),
(196, 9, 142, '0.00'),
(197, 9, 143, '0.00'),
(198, 9, 144, '0.00'),
(199, 9, 145, '0.00'),
(200, 9, 146, '0.00'),
(201, 9, 147, '0.00'),
(202, 9, 148, '0.00'),
(203, 9, 149, '0.00'),
(204, 9, 150, '0.00'),
(205, 9, 151, '0.00'),
(206, 9, 152, '0.00'),
(207, 9, 153, '0.00'),
(208, 9, 154, '0.00'),
(209, 9, 155, '0.00'),
(210, 9, 156, '0.00'),
(211, 9, 157, '0.00'),
(212, 9, 158, '0.00'),
(213, 9, 159, '0.00'),
(214, 9, 160, '0.00'),
(215, 9, 161, '0.00'),
(216, 9, 162, '0.00'),
(217, 9, 163, '0.00'),
(218, 9, 164, '0.00'),
(219, 9, 165, '0.00'),
(220, 9, 166, '0.00'),
(221, 9, 167, '0.00'),
(222, 9, 168, '0.00'),
(223, 9, 169, '0.00'),
(224, 9, 170, '0.00'),
(225, 9, 171, '0.00'),
(226, 9, 172, '0.00'),
(227, 9, 173, '0.00'),
(228, 9, 174, '0.00'),
(229, 9, 175, '0.00'),
(230, 9, 176, '0.00'),
(231, 9, 177, '0.00'),
(232, 9, 178, '0.00'),
(233, 9, 179, '0.00'),
(234, 9, 180, '0.00'),
(235, 9, 181, '0.00'),
(236, 10, 127, '0.00'),
(237, 10, 128, '0.00'),
(238, 10, 129, '0.00'),
(239, 10, 130, '0.00'),
(240, 10, 131, '0.00'),
(241, 10, 132, '0.00'),
(242, 10, 133, '0.00'),
(243, 10, 134, '0.00'),
(244, 10, 135, '0.00'),
(245, 10, 136, '0.00'),
(246, 10, 137, '0.00'),
(247, 10, 138, '0.00'),
(248, 10, 139, '0.00'),
(249, 10, 140, '0.00'),
(250, 10, 141, '0.00'),
(251, 10, 142, '0.00'),
(252, 10, 143, '0.00'),
(253, 10, 144, '0.00'),
(254, 10, 145, '0.00'),
(255, 10, 146, '0.00'),
(256, 10, 147, '0.00'),
(257, 10, 148, '0.00'),
(258, 10, 149, '0.00'),
(259, 10, 150, '0.00'),
(260, 10, 151, '0.00'),
(261, 10, 152, '0.00'),
(262, 10, 153, '0.00'),
(263, 10, 154, '0.00'),
(264, 10, 155, '0.00'),
(265, 10, 156, '0.00'),
(266, 10, 157, '0.00'),
(267, 10, 158, '0.00'),
(268, 10, 159, '0.00'),
(269, 10, 160, '0.00'),
(270, 10, 161, '0.00'),
(271, 10, 162, '0.00'),
(272, 10, 163, '0.00'),
(273, 10, 164, '0.00'),
(274, 10, 165, '0.00'),
(275, 10, 166, '0.00'),
(276, 10, 167, '0.00'),
(277, 10, 168, '0.00'),
(278, 10, 169, '0.00'),
(279, 10, 170, '0.00'),
(280, 10, 171, '0.00'),
(281, 10, 172, '0.00'),
(282, 10, 173, '0.00'),
(283, 10, 174, '0.00'),
(284, 10, 175, '0.00'),
(285, 10, 176, '0.00'),
(286, 10, 177, '0.00'),
(287, 10, 178, '0.00'),
(288, 10, 179, '0.00'),
(289, 10, 180, '0.00'),
(290, 10, 181, '0.00'),
(291, 11, 127, '0.00'),
(292, 11, 128, '0.00'),
(293, 11, 129, '0.00'),
(294, 11, 130, '0.00'),
(295, 11, 131, '0.00'),
(296, 11, 132, '0.00'),
(297, 11, 133, '0.00'),
(298, 11, 134, '0.00'),
(299, 11, 135, '0.00'),
(300, 11, 136, '0.00'),
(301, 11, 137, '0.00'),
(302, 11, 138, '0.00'),
(303, 11, 139, '0.00'),
(304, 11, 140, '0.00'),
(305, 11, 141, '0.00'),
(306, 11, 142, '0.00'),
(307, 11, 143, '0.00'),
(308, 11, 144, '0.00'),
(309, 11, 145, '0.00'),
(310, 11, 146, '0.00'),
(311, 11, 147, '0.00'),
(312, 11, 148, '0.00'),
(313, 11, 149, '0.00'),
(314, 11, 150, '0.00'),
(315, 11, 151, '0.00'),
(316, 11, 152, '0.00'),
(317, 11, 153, '0.00'),
(318, 11, 154, '0.00'),
(319, 11, 155, '0.00'),
(320, 11, 156, '0.00'),
(321, 11, 157, '0.00'),
(322, 11, 158, '0.00'),
(323, 11, 159, '0.00'),
(324, 11, 160, '0.00'),
(325, 11, 161, '0.00'),
(326, 11, 162, '0.00'),
(327, 11, 163, '0.00'),
(328, 11, 164, '0.00'),
(329, 11, 165, '0.00'),
(330, 11, 166, '0.00'),
(331, 11, 167, '0.00'),
(332, 11, 168, '0.00'),
(333, 11, 169, '0.00'),
(334, 11, 170, '0.00'),
(335, 11, 171, '0.00'),
(336, 11, 172, '0.00'),
(337, 11, 173, '0.00'),
(338, 11, 174, '0.00'),
(339, 11, 175, '0.00'),
(340, 11, 176, '0.00'),
(341, 11, 177, '0.00'),
(342, 11, 178, '0.00'),
(343, 11, 179, '0.00'),
(344, 11, 180, '0.00'),
(345, 11, 181, '0.00'),
(346, 12, 127, '0.00'),
(347, 12, 128, '0.00'),
(348, 12, 129, '0.00'),
(349, 12, 130, '0.00'),
(350, 12, 131, '0.00'),
(351, 12, 132, '0.00'),
(352, 12, 133, '0.00'),
(353, 12, 134, '0.00'),
(354, 12, 135, '0.00'),
(355, 12, 136, '0.00'),
(356, 12, 137, '0.00'),
(357, 12, 138, '0.00'),
(358, 12, 139, '0.00'),
(359, 12, 140, '0.00'),
(360, 12, 141, '0.00'),
(361, 12, 142, '0.00'),
(362, 12, 143, '0.00'),
(363, 12, 144, '0.00'),
(364, 12, 145, '0.00'),
(365, 12, 146, '0.00'),
(366, 12, 147, '0.00'),
(367, 12, 148, '0.00'),
(368, 12, 149, '0.00'),
(369, 12, 150, '0.00'),
(370, 12, 151, '0.00'),
(371, 12, 152, '0.00'),
(372, 12, 153, '0.00'),
(373, 12, 154, '0.00'),
(374, 12, 155, '0.00'),
(375, 12, 156, '0.00'),
(376, 12, 157, '0.00'),
(377, 12, 158, '0.00'),
(378, 12, 159, '0.00'),
(379, 12, 160, '0.00'),
(380, 12, 161, '0.00'),
(381, 12, 162, '0.00'),
(382, 12, 163, '0.00'),
(383, 12, 164, '0.00'),
(384, 12, 165, '0.00'),
(385, 12, 166, '0.00'),
(386, 12, 167, '0.00'),
(387, 12, 168, '0.00'),
(388, 12, 169, '0.00'),
(389, 12, 170, '0.00'),
(390, 12, 171, '0.00'),
(391, 12, 172, '0.00'),
(392, 12, 173, '0.00'),
(393, 12, 174, '0.00'),
(394, 12, 175, '0.00'),
(395, 12, 176, '0.00'),
(396, 12, 177, '0.00'),
(397, 12, 178, '0.00'),
(398, 12, 179, '0.00'),
(399, 12, 180, '0.00'),
(400, 12, 181, '0.00'),
(401, 13, 127, '0.00'),
(402, 13, 128, '0.00'),
(403, 13, 129, '0.00'),
(404, 13, 130, '0.00'),
(405, 13, 131, '0.00'),
(406, 13, 132, '0.00'),
(407, 13, 133, '0.00'),
(408, 13, 134, '0.00'),
(409, 13, 135, '0.00'),
(410, 13, 136, '0.00'),
(411, 13, 137, '0.00'),
(412, 13, 138, '0.00'),
(413, 13, 139, '0.00'),
(414, 13, 140, '0.00'),
(415, 13, 141, '0.00'),
(416, 13, 142, '0.00'),
(417, 13, 143, '0.00'),
(418, 13, 144, '0.00'),
(419, 13, 145, '0.00'),
(420, 13, 146, '0.00'),
(421, 13, 147, '0.00'),
(422, 13, 148, '0.00'),
(423, 13, 149, '0.00'),
(424, 13, 150, '0.00'),
(425, 13, 151, '0.00'),
(426, 13, 152, '0.00'),
(427, 13, 153, '0.00'),
(428, 13, 154, '0.00'),
(429, 13, 155, '0.00'),
(430, 13, 156, '0.00'),
(431, 13, 157, '0.00'),
(432, 13, 158, '0.00'),
(433, 13, 159, '0.00'),
(434, 13, 160, '0.00'),
(435, 13, 161, '0.00'),
(436, 13, 162, '0.00'),
(437, 13, 163, '0.00'),
(438, 13, 164, '0.00'),
(439, 13, 165, '0.00'),
(440, 13, 166, '0.00'),
(441, 13, 167, '0.00'),
(442, 13, 168, '0.00'),
(443, 13, 169, '0.00'),
(444, 13, 170, '0.00'),
(445, 13, 171, '0.00'),
(446, 13, 172, '0.00'),
(447, 13, 173, '0.00'),
(448, 13, 174, '0.00'),
(449, 13, 175, '0.00'),
(450, 13, 176, '0.00'),
(451, 13, 177, '0.00'),
(452, 13, 178, '0.00'),
(453, 13, 179, '0.00'),
(454, 13, 180, '0.00'),
(455, 13, 181, '0.00'),
(456, 14, 127, '0.00'),
(457, 14, 128, '0.00'),
(458, 14, 129, '0.00'),
(459, 14, 130, '0.00'),
(460, 14, 131, '0.00'),
(461, 14, 132, '0.00'),
(462, 14, 133, '0.00'),
(463, 14, 134, '0.00'),
(464, 14, 135, '0.00'),
(465, 14, 136, '0.00'),
(466, 14, 137, '0.00'),
(467, 14, 138, '0.00'),
(468, 14, 139, '0.00'),
(469, 14, 140, '0.00'),
(470, 14, 141, '0.00'),
(471, 14, 142, '0.00'),
(472, 14, 143, '0.00'),
(473, 14, 144, '0.00'),
(474, 14, 145, '0.00'),
(475, 14, 146, '0.00'),
(476, 14, 147, '0.00'),
(477, 14, 148, '0.00'),
(478, 14, 149, '0.00'),
(479, 14, 150, '0.00'),
(480, 14, 151, '0.00'),
(481, 14, 152, '0.00'),
(482, 14, 153, '0.00'),
(483, 14, 154, '0.00'),
(484, 14, 155, '0.00'),
(485, 14, 156, '0.00'),
(486, 14, 157, '0.00'),
(487, 14, 158, '0.00'),
(488, 14, 159, '0.00'),
(489, 14, 160, '0.00'),
(490, 14, 161, '0.00'),
(491, 14, 162, '0.00'),
(492, 14, 163, '0.00'),
(493, 14, 164, '0.00'),
(494, 14, 165, '0.00'),
(495, 14, 166, '0.00'),
(496, 14, 167, '0.00'),
(497, 14, 168, '0.00'),
(498, 14, 169, '0.00'),
(499, 14, 170, '0.00'),
(500, 14, 171, '0.00'),
(501, 14, 172, '0.00'),
(502, 14, 173, '0.00'),
(503, 14, 174, '0.00'),
(504, 14, 175, '0.00'),
(505, 14, 176, '0.00'),
(506, 14, 177, '0.00'),
(507, 14, 178, '0.00'),
(508, 14, 179, '0.00'),
(509, 14, 180, '0.00'),
(510, 14, 181, '0.00'),
(511, 15, 127, '0.00'),
(512, 15, 128, '0.00'),
(513, 15, 129, '0.00'),
(514, 15, 130, '0.00'),
(515, 15, 131, '0.00'),
(516, 15, 132, '0.00'),
(517, 15, 133, '0.00'),
(518, 15, 134, '0.00'),
(519, 15, 135, '0.00'),
(520, 15, 136, '0.00'),
(521, 15, 137, '0.00'),
(522, 15, 138, '0.00'),
(523, 15, 139, '0.00'),
(524, 15, 140, '0.00'),
(525, 15, 141, '0.00'),
(526, 15, 142, '0.00'),
(527, 15, 143, '0.00'),
(528, 15, 144, '0.00'),
(529, 15, 145, '0.00'),
(530, 15, 146, '0.00'),
(531, 15, 147, '0.00'),
(532, 15, 148, '0.00'),
(533, 15, 149, '0.00'),
(534, 15, 150, '0.00'),
(535, 15, 151, '0.00'),
(536, 15, 152, '0.00'),
(537, 15, 153, '0.00'),
(538, 15, 154, '0.00'),
(539, 15, 155, '0.00'),
(540, 15, 156, '0.00'),
(541, 15, 157, '0.00'),
(542, 15, 158, '0.00'),
(543, 15, 159, '0.00'),
(544, 15, 160, '0.00'),
(545, 15, 161, '0.00'),
(546, 15, 162, '0.00'),
(547, 15, 163, '0.00'),
(548, 15, 164, '0.00'),
(549, 15, 165, '0.00'),
(550, 15, 166, '0.00'),
(551, 15, 167, '0.00'),
(552, 15, 168, '0.00'),
(553, 15, 169, '0.00'),
(554, 15, 170, '0.00'),
(555, 15, 171, '0.00'),
(556, 15, 172, '0.00'),
(557, 15, 173, '0.00'),
(558, 15, 174, '0.00'),
(559, 15, 175, '0.00'),
(560, 15, 176, '0.00'),
(561, 15, 177, '0.00'),
(562, 15, 178, '0.00'),
(563, 15, 179, '0.00'),
(564, 15, 180, '0.00'),
(565, 15, 181, '0.00'),
(566, 16, 127, '0.00'),
(567, 16, 128, '0.00'),
(568, 16, 129, '0.00'),
(569, 16, 130, '0.00'),
(570, 16, 131, '0.00'),
(571, 16, 132, '0.00'),
(572, 16, 133, '0.00'),
(573, 16, 134, '0.00'),
(574, 16, 135, '0.00'),
(575, 16, 136, '0.00'),
(576, 16, 137, '0.00'),
(577, 16, 138, '0.00'),
(578, 16, 139, '0.00'),
(579, 16, 140, '0.00'),
(580, 16, 141, '0.00'),
(581, 16, 142, '0.00'),
(582, 16, 143, '0.00'),
(583, 16, 144, '0.00'),
(584, 16, 145, '0.00'),
(585, 16, 146, '0.00'),
(586, 16, 147, '0.00'),
(587, 16, 148, '0.00'),
(588, 16, 149, '0.00'),
(589, 16, 150, '0.00'),
(590, 16, 151, '0.00'),
(591, 16, 152, '0.00'),
(592, 16, 153, '0.00'),
(593, 16, 154, '0.00'),
(594, 16, 155, '0.00'),
(595, 16, 156, '0.00'),
(596, 16, 157, '0.00'),
(597, 16, 158, '0.00'),
(598, 16, 159, '0.00'),
(599, 16, 160, '0.00'),
(600, 16, 161, '0.00'),
(601, 16, 162, '0.00'),
(602, 16, 163, '0.00'),
(603, 16, 164, '0.00'),
(604, 16, 165, '0.00'),
(605, 16, 166, '0.00'),
(606, 16, 167, '0.00'),
(607, 16, 168, '0.00'),
(608, 16, 169, '0.00'),
(609, 16, 170, '0.00'),
(610, 16, 171, '0.00'),
(611, 16, 172, '0.00'),
(612, 16, 173, '0.00'),
(613, 16, 174, '0.00'),
(614, 16, 175, '0.00'),
(615, 16, 176, '0.00'),
(616, 16, 177, '0.00'),
(617, 16, 178, '0.00'),
(618, 16, 179, '0.00'),
(619, 16, 180, '0.00'),
(620, 16, 181, '0.00'),
(621, 17, 127, '0.00'),
(622, 17, 128, '0.00'),
(623, 17, 129, '0.00'),
(624, 17, 130, '0.00'),
(625, 17, 131, '0.00'),
(626, 17, 132, '0.00'),
(627, 17, 133, '0.00'),
(628, 17, 134, '0.00'),
(629, 17, 135, '0.00'),
(630, 17, 136, '0.00'),
(631, 17, 137, '0.00'),
(632, 17, 138, '0.00'),
(633, 17, 139, '0.00'),
(634, 17, 140, '0.00'),
(635, 17, 141, '0.00'),
(636, 17, 142, '0.00'),
(637, 17, 143, '0.00'),
(638, 17, 144, '0.00'),
(639, 17, 145, '0.00'),
(640, 17, 146, '0.00'),
(641, 17, 147, '0.00'),
(642, 17, 148, '0.00'),
(643, 17, 149, '0.00'),
(644, 17, 150, '0.00'),
(645, 17, 151, '0.00'),
(646, 17, 152, '0.00'),
(647, 17, 153, '0.00'),
(648, 17, 154, '0.00'),
(649, 17, 155, '0.00'),
(650, 17, 156, '0.00'),
(651, 17, 157, '0.00'),
(652, 17, 158, '0.00'),
(653, 17, 159, '0.00'),
(654, 17, 160, '0.00'),
(655, 17, 161, '0.00'),
(656, 17, 162, '0.00'),
(657, 17, 163, '0.00'),
(658, 17, 164, '0.00'),
(659, 17, 165, '0.00'),
(660, 17, 166, '0.00'),
(661, 17, 167, '0.00'),
(662, 17, 168, '0.00'),
(663, 17, 169, '0.00'),
(664, 17, 170, '0.00'),
(665, 17, 171, '0.00'),
(666, 17, 172, '0.00'),
(667, 17, 173, '0.00'),
(668, 17, 174, '0.00'),
(669, 17, 175, '0.00'),
(670, 17, 176, '0.00'),
(671, 17, 177, '0.00'),
(672, 17, 178, '0.00'),
(673, 17, 179, '0.00'),
(674, 17, 180, '0.00'),
(675, 17, 181, '0.00'),
(676, 18, 127, '0.00'),
(677, 18, 128, '0.00'),
(678, 18, 129, '0.00'),
(679, 18, 130, '0.00'),
(680, 18, 131, '0.00'),
(681, 18, 132, '0.00'),
(682, 18, 133, '0.00'),
(683, 18, 134, '0.00'),
(684, 18, 135, '0.00'),
(685, 18, 136, '0.00'),
(686, 18, 137, '0.00'),
(687, 18, 138, '0.00'),
(688, 18, 139, '0.00'),
(689, 18, 140, '0.00'),
(690, 18, 141, '0.00'),
(691, 18, 142, '0.00'),
(692, 18, 143, '0.00'),
(693, 18, 144, '0.00'),
(694, 18, 145, '0.00'),
(695, 18, 146, '0.00'),
(696, 18, 147, '0.00'),
(697, 18, 148, '0.00'),
(698, 18, 149, '0.00'),
(699, 18, 150, '0.00'),
(700, 18, 151, '0.00'),
(701, 18, 152, '0.00'),
(702, 18, 153, '0.00'),
(703, 18, 154, '0.00'),
(704, 18, 155, '0.00'),
(705, 18, 156, '0.00'),
(706, 18, 157, '0.00'),
(707, 18, 158, '0.00'),
(708, 18, 159, '0.00'),
(709, 18, 160, '0.00'),
(710, 18, 161, '0.00'),
(711, 18, 162, '0.00'),
(712, 18, 163, '0.00'),
(713, 18, 164, '0.00'),
(714, 18, 165, '0.00'),
(715, 18, 166, '0.00'),
(716, 18, 167, '0.00'),
(717, 18, 168, '0.00'),
(718, 18, 169, '0.00'),
(719, 18, 170, '0.00'),
(720, 18, 171, '0.00'),
(721, 18, 172, '0.00'),
(722, 18, 173, '0.00'),
(723, 18, 174, '0.00'),
(724, 18, 175, '0.00'),
(725, 18, 176, '0.00'),
(726, 18, 177, '0.00'),
(727, 18, 178, '0.00'),
(728, 18, 179, '0.00'),
(729, 18, 180, '0.00'),
(730, 18, 181, '0.00'),
(731, 19, 127, '0.00'),
(732, 19, 128, '0.00'),
(733, 19, 129, '0.00'),
(734, 19, 130, '0.00'),
(735, 19, 131, '0.00'),
(736, 19, 132, '0.00'),
(737, 19, 133, '0.00'),
(738, 19, 134, '0.00'),
(739, 19, 135, '0.00'),
(740, 19, 136, '0.00'),
(741, 19, 137, '0.00'),
(742, 19, 138, '0.00'),
(743, 19, 139, '0.00'),
(744, 19, 140, '0.00'),
(745, 19, 141, '0.00'),
(746, 19, 142, '0.00'),
(747, 19, 143, '0.00'),
(748, 19, 144, '0.00'),
(749, 19, 145, '0.00'),
(750, 19, 146, '0.00'),
(751, 19, 147, '0.00'),
(752, 19, 148, '0.00'),
(753, 19, 149, '0.00'),
(754, 19, 150, '0.00'),
(755, 19, 151, '0.00'),
(756, 19, 152, '0.00'),
(757, 19, 153, '0.00'),
(758, 19, 154, '0.00'),
(759, 19, 155, '0.00'),
(760, 19, 156, '0.00'),
(761, 19, 157, '0.00'),
(762, 19, 158, '0.00'),
(763, 19, 159, '0.00'),
(764, 19, 160, '0.00'),
(765, 19, 161, '0.00'),
(766, 19, 162, '0.00'),
(767, 19, 163, '0.00'),
(768, 19, 164, '0.00'),
(769, 19, 165, '0.00'),
(770, 19, 166, '0.00'),
(771, 19, 167, '0.00'),
(772, 19, 168, '0.00'),
(773, 19, 169, '0.00'),
(774, 19, 170, '0.00'),
(775, 19, 171, '0.00'),
(776, 19, 172, '0.00'),
(777, 19, 173, '0.00'),
(778, 19, 174, '0.00'),
(779, 19, 175, '0.00'),
(780, 19, 176, '0.00'),
(781, 19, 177, '0.00'),
(782, 19, 178, '0.00'),
(783, 19, 179, '0.00'),
(784, 19, 180, '0.00'),
(785, 19, 181, '0.00'),
(786, 20, 127, '0.00'),
(787, 20, 128, '0.00'),
(788, 20, 129, '0.00'),
(789, 20, 130, '0.00'),
(790, 20, 131, '0.00'),
(791, 20, 132, '0.00'),
(792, 20, 133, '0.00'),
(793, 20, 134, '0.00'),
(794, 20, 135, '0.00'),
(795, 20, 136, '0.00'),
(796, 20, 137, '0.00'),
(797, 20, 138, '0.00'),
(798, 20, 139, '0.00'),
(799, 20, 140, '0.00'),
(800, 20, 141, '0.00'),
(801, 20, 142, '0.00'),
(802, 20, 143, '0.00'),
(803, 20, 144, '0.00'),
(804, 20, 145, '0.00'),
(805, 20, 146, '0.00'),
(806, 20, 147, '0.00'),
(807, 20, 148, '0.00'),
(808, 20, 149, '0.00'),
(809, 20, 150, '0.00'),
(810, 20, 151, '0.00'),
(811, 20, 152, '0.00'),
(812, 20, 153, '0.00'),
(813, 20, 154, '0.00'),
(814, 20, 155, '0.00'),
(815, 20, 156, '0.00'),
(816, 20, 157, '0.00'),
(817, 20, 158, '0.00'),
(818, 20, 159, '0.00'),
(819, 20, 160, '0.00'),
(820, 20, 161, '0.00'),
(821, 20, 162, '0.00'),
(822, 20, 163, '0.00'),
(823, 20, 164, '0.00'),
(824, 20, 165, '0.00'),
(825, 20, 166, '0.00'),
(826, 20, 167, '0.00'),
(827, 20, 168, '0.00'),
(828, 20, 169, '0.00'),
(829, 20, 170, '0.00'),
(830, 20, 171, '0.00'),
(831, 20, 172, '0.00'),
(832, 20, 173, '0.00'),
(833, 20, 174, '0.00'),
(834, 20, 175, '0.00'),
(835, 20, 176, '0.00'),
(836, 20, 177, '0.00'),
(837, 20, 178, '0.00'),
(838, 20, 179, '0.00'),
(839, 20, 180, '0.00'),
(840, 20, 181, '0.00'),
(841, 21, 127, '0.00'),
(842, 21, 128, '0.00'),
(843, 21, 129, '0.00'),
(844, 21, 130, '0.00'),
(845, 21, 131, '0.00'),
(846, 21, 132, '0.00'),
(847, 21, 133, '0.00'),
(848, 21, 134, '0.00'),
(849, 21, 135, '0.00'),
(850, 21, 136, '0.00'),
(851, 21, 137, '0.00'),
(852, 21, 138, '0.00'),
(853, 21, 139, '0.00'),
(854, 21, 140, '0.00'),
(855, 21, 141, '0.00'),
(856, 21, 142, '0.00'),
(857, 21, 143, '0.00'),
(858, 21, 144, '0.00'),
(859, 21, 145, '0.00'),
(860, 21, 146, '0.00'),
(861, 21, 147, '0.00'),
(862, 21, 148, '0.00'),
(863, 21, 149, '0.00'),
(864, 21, 150, '0.00'),
(865, 21, 151, '0.00'),
(866, 21, 152, '0.00'),
(867, 21, 153, '0.00'),
(868, 21, 154, '0.00'),
(869, 21, 155, '0.00'),
(870, 21, 156, '0.00'),
(871, 21, 157, '0.00'),
(872, 21, 158, '0.00'),
(873, 21, 159, '0.00'),
(874, 21, 160, '0.00'),
(875, 21, 161, '0.00'),
(876, 21, 162, '0.00'),
(877, 21, 163, '0.00'),
(878, 21, 164, '0.00'),
(879, 21, 165, '0.00'),
(880, 21, 166, '0.00'),
(881, 21, 167, '0.00'),
(882, 21, 168, '0.00'),
(883, 21, 169, '0.00'),
(884, 21, 170, '0.00'),
(885, 21, 171, '0.00'),
(886, 21, 172, '0.00'),
(887, 21, 173, '0.00'),
(888, 21, 174, '0.00'),
(889, 21, 175, '0.00'),
(890, 21, 176, '0.00'),
(891, 21, 177, '0.00'),
(892, 21, 178, '0.00'),
(893, 21, 179, '0.00'),
(894, 21, 180, '0.00'),
(895, 21, 181, '0.00'),
(896, 22, 127, '0.00'),
(897, 22, 128, '0.00'),
(898, 22, 129, '0.00'),
(899, 22, 130, '0.00'),
(900, 22, 131, '0.00'),
(901, 22, 132, '0.00'),
(902, 22, 133, '0.00'),
(903, 22, 134, '0.00'),
(904, 22, 135, '0.00'),
(905, 22, 136, '0.00'),
(906, 22, 137, '0.00'),
(907, 22, 138, '0.00'),
(908, 22, 139, '0.00'),
(909, 22, 140, '0.00'),
(910, 22, 141, '0.00'),
(911, 22, 142, '0.00'),
(912, 22, 143, '0.00'),
(913, 22, 144, '0.00'),
(914, 22, 145, '0.00'),
(915, 22, 146, '0.00'),
(916, 22, 147, '0.00'),
(917, 22, 148, '0.00'),
(918, 22, 149, '0.00'),
(919, 22, 150, '0.00'),
(920, 22, 151, '0.00'),
(921, 22, 152, '0.00'),
(922, 22, 153, '0.00'),
(923, 22, 154, '0.00'),
(924, 22, 155, '0.00'),
(925, 22, 156, '0.00'),
(926, 22, 157, '0.00'),
(927, 22, 158, '0.00'),
(928, 22, 159, '0.00'),
(929, 22, 160, '0.00'),
(930, 22, 161, '0.00'),
(931, 22, 162, '0.00'),
(932, 22, 163, '0.00'),
(933, 22, 164, '0.00'),
(934, 22, 165, '0.00'),
(935, 22, 166, '0.00'),
(936, 22, 167, '0.00'),
(937, 22, 168, '0.00'),
(938, 22, 169, '0.00'),
(939, 22, 170, '0.00'),
(940, 22, 171, '0.00'),
(941, 22, 172, '0.00'),
(942, 22, 173, '0.00'),
(943, 22, 174, '0.00'),
(944, 22, 175, '0.00'),
(945, 22, 176, '0.00'),
(946, 22, 177, '0.00'),
(947, 22, 178, '0.00'),
(948, 22, 179, '0.00'),
(949, 22, 180, '0.00'),
(950, 22, 181, '0.00'),
(951, 23, 127, '0.00'),
(952, 23, 128, '0.00'),
(953, 23, 129, '0.00'),
(954, 23, 130, '0.00'),
(955, 23, 131, '0.00'),
(956, 23, 132, '0.00'),
(957, 23, 133, '0.00'),
(958, 23, 134, '0.00'),
(959, 23, 135, '0.00'),
(960, 23, 136, '0.00'),
(961, 23, 137, '0.00'),
(962, 23, 138, '0.00'),
(963, 23, 139, '0.00'),
(964, 23, 140, '0.00'),
(965, 23, 141, '0.00'),
(966, 23, 142, '0.00'),
(967, 23, 143, '0.00'),
(968, 23, 144, '0.00'),
(969, 23, 145, '0.00'),
(970, 23, 146, '0.00'),
(971, 23, 147, '0.00'),
(972, 23, 148, '0.00'),
(973, 23, 149, '0.00'),
(974, 23, 150, '0.00'),
(975, 23, 151, '0.00'),
(976, 23, 152, '0.00'),
(977, 23, 153, '0.00'),
(978, 23, 154, '0.00'),
(979, 23, 155, '0.00'),
(980, 23, 156, '0.00'),
(981, 23, 157, '0.00'),
(982, 23, 158, '0.00'),
(983, 23, 159, '0.00'),
(984, 23, 160, '0.00'),
(985, 23, 161, '0.00'),
(986, 23, 162, '0.00'),
(987, 23, 163, '0.00'),
(988, 23, 164, '0.00'),
(989, 23, 165, '0.00'),
(990, 23, 166, '0.00'),
(991, 23, 167, '0.00'),
(992, 23, 168, '0.00'),
(993, 23, 169, '0.00'),
(994, 23, 170, '0.00'),
(995, 23, 171, '0.00'),
(996, 23, 172, '0.00'),
(997, 23, 173, '0.00'),
(998, 23, 174, '0.00'),
(999, 23, 175, '0.00'),
(1000, 23, 176, '0.00'),
(1001, 23, 177, '0.00'),
(1002, 23, 178, '0.00'),
(1003, 23, 179, '0.00'),
(1004, 23, 180, '0.00'),
(1005, 23, 181, '0.00'),
(1006, 24, 127, '0.00'),
(1007, 24, 128, '0.00'),
(1008, 24, 129, '0.00'),
(1009, 24, 130, '0.00'),
(1010, 24, 131, '0.00'),
(1011, 24, 132, '0.00'),
(1012, 24, 133, '0.00'),
(1013, 24, 134, '0.00'),
(1014, 24, 135, '0.00'),
(1015, 24, 136, '0.00'),
(1016, 24, 137, '0.00'),
(1017, 24, 138, '0.00'),
(1018, 24, 139, '0.00'),
(1019, 24, 140, '0.00'),
(1020, 24, 141, '0.00'),
(1021, 24, 142, '0.00'),
(1022, 24, 143, '0.00'),
(1023, 24, 144, '0.00'),
(1024, 24, 145, '0.00'),
(1025, 24, 146, '0.00'),
(1026, 24, 147, '0.00'),
(1027, 24, 148, '0.00'),
(1028, 24, 149, '0.00'),
(1029, 24, 150, '0.00'),
(1030, 24, 151, '0.00'),
(1031, 24, 152, '0.00'),
(1032, 24, 153, '0.00'),
(1033, 24, 154, '0.00'),
(1034, 24, 155, '0.00'),
(1035, 24, 156, '0.00'),
(1036, 24, 157, '0.00'),
(1037, 24, 158, '0.00'),
(1038, 24, 159, '0.00'),
(1039, 24, 160, '0.00'),
(1040, 24, 161, '0.00'),
(1041, 24, 162, '0.00'),
(1042, 24, 163, '0.00'),
(1043, 24, 164, '0.00'),
(1044, 24, 165, '0.00'),
(1045, 24, 166, '0.00'),
(1046, 24, 167, '0.00'),
(1047, 24, 168, '0.00'),
(1048, 24, 169, '0.00'),
(1049, 24, 170, '0.00'),
(1050, 24, 171, '0.00'),
(1051, 24, 172, '0.00'),
(1052, 24, 173, '0.00'),
(1053, 24, 174, '0.00'),
(1054, 24, 175, '0.00'),
(1055, 24, 176, '0.00'),
(1056, 24, 177, '0.00'),
(1057, 24, 178, '0.00'),
(1058, 24, 179, '0.00'),
(1059, 24, 180, '0.00'),
(1060, 24, 181, '0.00'),
(1061, 25, 127, '0.00'),
(1062, 25, 128, '0.00'),
(1063, 25, 129, '0.00'),
(1064, 25, 130, '0.00'),
(1065, 25, 131, '0.00'),
(1066, 25, 132, '0.00'),
(1067, 25, 133, '0.00'),
(1068, 25, 134, '0.00'),
(1069, 25, 135, '0.00'),
(1070, 25, 136, '0.00'),
(1071, 25, 137, '0.00'),
(1072, 25, 138, '0.00'),
(1073, 25, 139, '0.00'),
(1074, 25, 140, '0.00'),
(1075, 25, 141, '0.00'),
(1076, 25, 142, '0.00'),
(1077, 25, 143, '0.00'),
(1078, 25, 144, '0.00'),
(1079, 25, 145, '0.00'),
(1080, 25, 146, '0.00'),
(1081, 25, 147, '0.00'),
(1082, 25, 148, '0.00'),
(1083, 25, 149, '0.00'),
(1084, 25, 150, '0.00'),
(1085, 25, 151, '0.00'),
(1086, 25, 152, '0.00'),
(1087, 25, 153, '0.00'),
(1088, 25, 154, '0.00'),
(1089, 25, 155, '0.00'),
(1090, 25, 156, '0.00'),
(1091, 25, 157, '0.00'),
(1092, 25, 158, '0.00'),
(1093, 25, 159, '0.00'),
(1094, 25, 160, '0.00'),
(1095, 25, 161, '0.00'),
(1096, 25, 162, '0.00'),
(1097, 25, 163, '0.00'),
(1098, 25, 164, '0.00'),
(1099, 25, 165, '0.00'),
(1100, 25, 166, '0.00'),
(1101, 25, 167, '0.00'),
(1102, 25, 168, '0.00'),
(1103, 25, 169, '0.00'),
(1104, 25, 170, '0.00'),
(1105, 25, 171, '0.00'),
(1106, 25, 172, '0.00'),
(1107, 25, 173, '0.00'),
(1108, 25, 174, '0.00'),
(1109, 25, 175, '0.00'),
(1110, 25, 176, '0.00'),
(1111, 25, 177, '0.00'),
(1112, 25, 178, '0.00'),
(1113, 25, 179, '0.00'),
(1114, 25, 180, '0.00'),
(1115, 25, 181, '0.00'),
(1116, 26, 127, '0.00'),
(1117, 26, 128, '0.00'),
(1118, 26, 129, '0.00'),
(1119, 26, 130, '0.00'),
(1120, 26, 131, '0.00'),
(1121, 26, 132, '0.00'),
(1122, 26, 133, '0.00'),
(1123, 26, 134, '0.00'),
(1124, 26, 135, '0.00'),
(1125, 26, 136, '0.00'),
(1126, 26, 137, '0.00'),
(1127, 26, 138, '0.00'),
(1128, 26, 139, '0.00'),
(1129, 26, 140, '0.00'),
(1130, 26, 141, '0.00'),
(1131, 26, 142, '0.00'),
(1132, 26, 143, '0.00'),
(1133, 26, 144, '0.00'),
(1134, 26, 145, '0.00'),
(1135, 26, 146, '0.00'),
(1136, 26, 147, '0.00'),
(1137, 26, 148, '0.00'),
(1138, 26, 149, '0.00'),
(1139, 26, 150, '0.00'),
(1140, 26, 151, '0.00'),
(1141, 26, 152, '0.00'),
(1142, 26, 153, '0.00'),
(1143, 26, 154, '0.00'),
(1144, 26, 155, '0.00'),
(1145, 26, 156, '0.00'),
(1146, 26, 157, '0.00'),
(1147, 26, 158, '0.00'),
(1148, 26, 159, '0.00'),
(1149, 26, 160, '0.00'),
(1150, 26, 161, '0.00'),
(1151, 26, 162, '0.00'),
(1152, 26, 163, '0.00'),
(1153, 26, 164, '0.00'),
(1154, 26, 165, '0.00'),
(1155, 26, 166, '0.00'),
(1156, 26, 167, '0.00'),
(1157, 26, 168, '0.00'),
(1158, 26, 169, '0.00'),
(1159, 26, 170, '0.00'),
(1160, 26, 171, '0.00'),
(1161, 26, 172, '0.00'),
(1162, 26, 173, '0.00'),
(1163, 26, 174, '0.00'),
(1164, 26, 175, '0.00'),
(1165, 26, 176, '0.00'),
(1166, 26, 177, '0.00'),
(1167, 26, 178, '0.00'),
(1168, 26, 179, '0.00'),
(1169, 26, 180, '0.00'),
(1170, 26, 181, '0.00'),
(1171, 27, 127, '0.00'),
(1172, 27, 128, '0.00'),
(1173, 27, 129, '0.00'),
(1174, 27, 130, '0.00'),
(1175, 27, 131, '0.00'),
(1176, 27, 132, '0.00'),
(1177, 27, 133, '0.00'),
(1178, 27, 134, '0.00'),
(1179, 27, 135, '0.00'),
(1180, 27, 136, '0.00'),
(1181, 27, 137, '0.00'),
(1182, 27, 138, '0.00'),
(1183, 27, 139, '0.00'),
(1184, 27, 140, '0.00'),
(1185, 27, 141, '0.00'),
(1186, 27, 142, '0.00'),
(1187, 27, 143, '0.00'),
(1188, 27, 144, '0.00'),
(1189, 27, 145, '0.00'),
(1190, 27, 146, '0.00'),
(1191, 27, 147, '0.00'),
(1192, 27, 148, '0.00'),
(1193, 27, 149, '0.00'),
(1194, 27, 150, '0.00'),
(1195, 27, 151, '0.00'),
(1196, 27, 152, '0.00'),
(1197, 27, 153, '0.00'),
(1198, 27, 154, '0.00'),
(1199, 27, 155, '0.00'),
(1200, 27, 156, '0.00'),
(1201, 27, 157, '0.00'),
(1202, 27, 158, '0.00'),
(1203, 27, 159, '0.00'),
(1204, 27, 160, '0.00'),
(1205, 27, 161, '0.00'),
(1206, 27, 162, '0.00'),
(1207, 27, 163, '0.00'),
(1208, 27, 164, '0.00'),
(1209, 27, 165, '0.00'),
(1210, 27, 166, '0.00'),
(1211, 27, 167, '0.00'),
(1212, 27, 168, '0.00'),
(1213, 27, 169, '0.00'),
(1214, 27, 170, '0.00'),
(1215, 27, 171, '0.00'),
(1216, 27, 172, '0.00'),
(1217, 27, 173, '0.00'),
(1218, 27, 174, '0.00'),
(1219, 27, 175, '0.00'),
(1220, 27, 176, '0.00'),
(1221, 27, 177, '0.00'),
(1222, 27, 178, '0.00'),
(1223, 27, 179, '0.00'),
(1224, 27, 180, '0.00'),
(1225, 27, 181, '0.00'),
(1226, 28, 127, '0.00'),
(1227, 28, 128, '0.00'),
(1228, 28, 129, '0.00'),
(1229, 28, 130, '0.00'),
(1230, 28, 131, '0.00'),
(1231, 28, 132, '0.00'),
(1232, 28, 133, '0.00'),
(1233, 28, 134, '0.00'),
(1234, 28, 135, '0.00'),
(1235, 28, 136, '0.00'),
(1236, 28, 137, '0.00'),
(1237, 28, 138, '0.00'),
(1238, 28, 139, '0.00'),
(1239, 28, 140, '0.00'),
(1240, 28, 141, '0.00'),
(1241, 28, 142, '0.00'),
(1242, 28, 143, '0.00'),
(1243, 28, 144, '0.00'),
(1244, 28, 145, '0.00'),
(1245, 28, 146, '0.00'),
(1246, 28, 147, '0.00'),
(1247, 28, 148, '0.00'),
(1248, 28, 149, '0.00'),
(1249, 28, 150, '0.00'),
(1250, 28, 151, '0.00'),
(1251, 28, 152, '0.00'),
(1252, 28, 153, '0.00'),
(1253, 28, 154, '0.00'),
(1254, 28, 155, '0.00'),
(1255, 28, 156, '0.00'),
(1256, 28, 157, '0.00'),
(1257, 28, 158, '0.00'),
(1258, 28, 159, '0.00'),
(1259, 28, 160, '0.00'),
(1260, 28, 161, '0.00'),
(1261, 28, 162, '0.00'),
(1262, 28, 163, '0.00'),
(1263, 28, 164, '0.00'),
(1264, 28, 165, '0.00'),
(1265, 28, 166, '0.00'),
(1266, 28, 167, '0.00'),
(1267, 28, 168, '0.00'),
(1268, 28, 169, '0.00'),
(1269, 28, 170, '0.00'),
(1270, 28, 171, '0.00'),
(1271, 28, 172, '0.00'),
(1272, 28, 173, '0.00'),
(1273, 28, 174, '0.00'),
(1274, 28, 175, '0.00'),
(1275, 28, 176, '0.00'),
(1276, 28, 177, '0.00'),
(1277, 28, 178, '0.00'),
(1278, 28, 179, '0.00'),
(1279, 28, 180, '0.00'),
(1280, 28, 181, '0.00'),
(1281, 29, 127, '0.00'),
(1282, 29, 128, '0.00'),
(1283, 29, 129, '0.00'),
(1284, 29, 130, '0.00'),
(1285, 29, 131, '0.00'),
(1286, 29, 132, '0.00'),
(1287, 29, 133, '0.00'),
(1288, 29, 134, '0.00'),
(1289, 29, 135, '0.00'),
(1290, 29, 136, '0.00'),
(1291, 29, 137, '0.00'),
(1292, 29, 138, '0.00'),
(1293, 29, 139, '0.00'),
(1294, 29, 140, '0.00'),
(1295, 29, 141, '0.00'),
(1296, 29, 142, '0.00'),
(1297, 29, 143, '0.00'),
(1298, 29, 144, '0.00'),
(1299, 29, 145, '0.00'),
(1300, 29, 146, '0.00'),
(1301, 29, 147, '0.00'),
(1302, 29, 148, '0.00'),
(1303, 29, 149, '0.00'),
(1304, 29, 150, '0.00'),
(1305, 29, 151, '0.00'),
(1306, 29, 152, '0.00'),
(1307, 29, 153, '0.00'),
(1308, 29, 154, '0.00'),
(1309, 29, 155, '0.00'),
(1310, 29, 156, '0.00'),
(1311, 29, 157, '0.00'),
(1312, 29, 158, '0.00'),
(1313, 29, 159, '0.00'),
(1314, 29, 160, '0.00'),
(1315, 29, 161, '0.00'),
(1316, 29, 162, '0.00'),
(1317, 29, 163, '0.00'),
(1318, 29, 164, '0.00'),
(1319, 29, 165, '0.00'),
(1320, 29, 166, '0.00'),
(1321, 29, 167, '0.00'),
(1322, 29, 168, '0.00'),
(1323, 29, 169, '0.00'),
(1324, 29, 170, '0.00'),
(1325, 29, 171, '0.00'),
(1326, 29, 172, '0.00'),
(1327, 29, 173, '0.00'),
(1328, 29, 174, '0.00'),
(1329, 29, 175, '0.00'),
(1330, 29, 176, '0.00'),
(1331, 29, 177, '0.00'),
(1332, 29, 178, '0.00'),
(1333, 29, 179, '0.00'),
(1334, 29, 180, '0.00'),
(1335, 29, 181, '0.00'),
(1336, 30, 127, '0.00'),
(1337, 30, 128, '0.00'),
(1338, 30, 129, '0.00'),
(1339, 30, 130, '0.00'),
(1340, 30, 131, '0.00'),
(1341, 30, 132, '0.00'),
(1342, 30, 133, '0.00'),
(1343, 30, 134, '0.00'),
(1344, 30, 135, '0.00'),
(1345, 30, 136, '0.00'),
(1346, 30, 137, '0.00'),
(1347, 30, 138, '0.00'),
(1348, 30, 139, '0.00'),
(1349, 30, 140, '0.00'),
(1350, 30, 141, '0.00'),
(1351, 30, 142, '0.00'),
(1352, 30, 143, '0.00'),
(1353, 30, 144, '0.00'),
(1354, 30, 145, '0.00'),
(1355, 30, 146, '0.00'),
(1356, 30, 147, '0.00'),
(1357, 30, 148, '0.00'),
(1358, 30, 149, '0.00'),
(1359, 30, 150, '0.00'),
(1360, 30, 151, '0.00'),
(1361, 30, 152, '0.00'),
(1362, 30, 153, '0.00'),
(1363, 30, 154, '0.00'),
(1364, 30, 155, '0.00'),
(1365, 30, 156, '0.00'),
(1366, 30, 157, '0.00'),
(1367, 30, 158, '0.00'),
(1368, 30, 159, '0.00'),
(1369, 30, 160, '0.00'),
(1370, 30, 161, '0.00'),
(1371, 30, 162, '0.00'),
(1372, 30, 163, '0.00'),
(1373, 30, 164, '0.00'),
(1374, 30, 165, '0.00'),
(1375, 30, 166, '0.00'),
(1376, 30, 167, '0.00'),
(1377, 30, 168, '0.00'),
(1378, 30, 169, '0.00'),
(1379, 30, 170, '0.00'),
(1380, 30, 171, '0.00'),
(1381, 30, 172, '0.00'),
(1382, 30, 173, '0.00'),
(1383, 30, 174, '0.00'),
(1384, 30, 175, '0.00'),
(1385, 30, 176, '0.00'),
(1386, 30, 177, '0.00'),
(1387, 30, 178, '0.00'),
(1388, 30, 179, '0.00'),
(1389, 30, 180, '0.00'),
(1390, 30, 181, '0.00'),
(1391, 31, 127, '0.00'),
(1392, 31, 128, '0.00'),
(1393, 31, 129, '0.00'),
(1394, 31, 130, '0.00'),
(1395, 31, 131, '0.00'),
(1396, 31, 132, '0.00'),
(1397, 31, 133, '0.00'),
(1398, 31, 134, '0.00'),
(1399, 31, 135, '0.00'),
(1400, 31, 136, '0.00'),
(1401, 31, 137, '0.00'),
(1402, 31, 138, '0.00'),
(1403, 31, 139, '0.00'),
(1404, 31, 140, '0.00'),
(1405, 31, 141, '0.00'),
(1406, 31, 142, '0.00'),
(1407, 31, 143, '0.00'),
(1408, 31, 144, '0.00'),
(1409, 31, 145, '0.00'),
(1410, 31, 146, '0.00'),
(1411, 31, 147, '0.00'),
(1412, 31, 148, '0.00'),
(1413, 31, 149, '0.00'),
(1414, 31, 150, '0.00'),
(1415, 31, 151, '0.00'),
(1416, 31, 152, '0.00'),
(1417, 31, 153, '0.00'),
(1418, 31, 154, '0.00'),
(1419, 31, 155, '0.00'),
(1420, 31, 156, '0.00'),
(1421, 31, 157, '0.00'),
(1422, 31, 158, '0.00'),
(1423, 31, 159, '0.00'),
(1424, 31, 160, '0.00'),
(1425, 31, 161, '0.00'),
(1426, 31, 162, '0.00'),
(1427, 31, 163, '0.00'),
(1428, 31, 164, '0.00'),
(1429, 31, 165, '0.00'),
(1430, 31, 166, '0.00'),
(1431, 31, 167, '0.00'),
(1432, 31, 168, '0.00'),
(1433, 31, 169, '0.00'),
(1434, 31, 170, '0.00'),
(1435, 31, 171, '0.00'),
(1436, 31, 172, '0.00'),
(1437, 31, 173, '0.00'),
(1438, 31, 174, '0.00'),
(1439, 31, 175, '0.00'),
(1440, 31, 176, '0.00'),
(1441, 31, 177, '0.00'),
(1442, 31, 178, '0.00'),
(1443, 31, 179, '0.00'),
(1444, 31, 180, '0.00'),
(1445, 31, 181, '0.00'),
(1446, 32, 127, '0.00'),
(1447, 32, 128, '0.00'),
(1448, 32, 129, '0.00'),
(1449, 32, 130, '0.00'),
(1450, 32, 131, '0.00'),
(1451, 32, 132, '0.00'),
(1452, 32, 133, '0.00'),
(1453, 32, 134, '0.00'),
(1454, 32, 135, '0.00'),
(1455, 32, 136, '0.00'),
(1456, 32, 137, '0.00'),
(1457, 32, 138, '0.00'),
(1458, 32, 139, '0.00'),
(1459, 32, 140, '0.00'),
(1460, 32, 141, '0.00'),
(1461, 32, 142, '0.00'),
(1462, 32, 143, '0.00'),
(1463, 32, 144, '0.00'),
(1464, 32, 145, '0.00'),
(1465, 32, 146, '0.00'),
(1466, 32, 147, '0.00'),
(1467, 32, 148, '0.00'),
(1468, 32, 149, '0.00'),
(1469, 32, 150, '0.00'),
(1470, 32, 151, '0.00'),
(1471, 32, 152, '0.00'),
(1472, 32, 153, '0.00'),
(1473, 32, 154, '0.00'),
(1474, 32, 155, '0.00'),
(1475, 32, 156, '0.00'),
(1476, 32, 157, '0.00'),
(1477, 32, 158, '0.00'),
(1478, 32, 159, '0.00'),
(1479, 32, 160, '0.00'),
(1480, 32, 161, '0.00'),
(1481, 32, 162, '0.00'),
(1482, 32, 163, '0.00'),
(1483, 32, 164, '0.00'),
(1484, 32, 165, '0.00'),
(1485, 32, 166, '0.00'),
(1486, 32, 167, '0.00'),
(1487, 32, 168, '0.00'),
(1488, 32, 169, '0.00'),
(1489, 32, 170, '0.00'),
(1490, 32, 171, '0.00'),
(1491, 32, 172, '0.00'),
(1492, 32, 173, '0.00'),
(1493, 32, 174, '0.00'),
(1494, 32, 175, '0.00'),
(1495, 32, 176, '0.00'),
(1496, 32, 177, '0.00'),
(1497, 32, 178, '0.00'),
(1498, 32, 179, '0.00'),
(1499, 32, 180, '0.00'),
(1500, 32, 181, '0.00'),
(1501, 33, 127, '0.00'),
(1502, 33, 128, '0.00'),
(1503, 33, 129, '0.00'),
(1504, 33, 130, '0.00'),
(1505, 33, 131, '0.00'),
(1506, 33, 132, '0.00'),
(1507, 33, 133, '0.00'),
(1508, 33, 134, '0.00'),
(1509, 33, 135, '0.00'),
(1510, 33, 136, '0.00'),
(1511, 33, 137, '0.00'),
(1512, 33, 138, '0.00'),
(1513, 33, 139, '0.00'),
(1514, 33, 140, '0.00'),
(1515, 33, 141, '0.00'),
(1516, 33, 142, '0.00'),
(1517, 33, 143, '0.00'),
(1518, 33, 144, '0.00'),
(1519, 33, 145, '0.00'),
(1520, 33, 146, '0.00'),
(1521, 33, 147, '0.00'),
(1522, 33, 148, '0.00'),
(1523, 33, 149, '0.00'),
(1524, 33, 150, '0.00'),
(1525, 33, 151, '0.00'),
(1526, 33, 152, '0.00'),
(1527, 33, 153, '0.00'),
(1528, 33, 154, '0.00'),
(1529, 33, 155, '0.00'),
(1530, 33, 156, '0.00'),
(1531, 33, 157, '0.00'),
(1532, 33, 158, '0.00'),
(1533, 33, 159, '0.00'),
(1534, 33, 160, '0.00'),
(1535, 33, 161, '0.00'),
(1536, 33, 162, '0.00'),
(1537, 33, 163, '0.00'),
(1538, 33, 164, '0.00'),
(1539, 33, 165, '0.00'),
(1540, 33, 166, '0.00'),
(1541, 33, 167, '0.00'),
(1542, 33, 168, '0.00'),
(1543, 33, 169, '0.00'),
(1544, 33, 170, '0.00'),
(1545, 33, 171, '0.00'),
(1546, 33, 172, '0.00'),
(1547, 33, 173, '0.00'),
(1548, 33, 174, '0.00'),
(1549, 33, 175, '0.00'),
(1550, 33, 176, '0.00'),
(1551, 33, 177, '0.00'),
(1552, 33, 178, '0.00'),
(1553, 33, 179, '0.00'),
(1554, 33, 180, '0.00'),
(1555, 33, 181, '0.00'),
(1556, 34, 127, '0.00'),
(1557, 34, 128, '0.00'),
(1558, 34, 129, '0.00'),
(1559, 34, 130, '0.00'),
(1560, 34, 131, '0.00'),
(1561, 34, 132, '0.00'),
(1562, 34, 133, '0.00'),
(1563, 34, 134, '0.00'),
(1564, 34, 135, '0.00'),
(1565, 34, 136, '0.00'),
(1566, 34, 137, '0.00'),
(1567, 34, 138, '0.00'),
(1568, 34, 139, '0.00'),
(1569, 34, 140, '0.00'),
(1570, 34, 141, '0.00'),
(1571, 34, 142, '0.00'),
(1572, 34, 143, '0.00'),
(1573, 34, 144, '0.00'),
(1574, 34, 145, '0.00'),
(1575, 34, 146, '0.00'),
(1576, 34, 147, '0.00'),
(1577, 34, 148, '0.00'),
(1578, 34, 149, '0.00'),
(1579, 34, 150, '0.00'),
(1580, 34, 151, '0.00'),
(1581, 34, 152, '0.00'),
(1582, 34, 153, '0.00'),
(1583, 34, 154, '0.00'),
(1584, 34, 155, '0.00'),
(1585, 34, 156, '0.00'),
(1586, 34, 157, '0.00'),
(1587, 34, 158, '0.00'),
(1588, 34, 159, '0.00'),
(1589, 34, 160, '0.00'),
(1590, 34, 161, '0.00'),
(1591, 34, 162, '0.00'),
(1592, 34, 163, '0.00'),
(1593, 34, 164, '0.00'),
(1594, 34, 165, '0.00'),
(1595, 34, 166, '0.00'),
(1596, 34, 167, '0.00'),
(1597, 34, 168, '0.00'),
(1598, 34, 169, '0.00'),
(1599, 34, 170, '0.00'),
(1600, 34, 171, '0.00'),
(1601, 34, 172, '0.00'),
(1602, 34, 173, '0.00'),
(1603, 34, 174, '0.00'),
(1604, 34, 175, '0.00'),
(1605, 34, 176, '0.00'),
(1606, 34, 177, '0.00'),
(1607, 34, 178, '0.00'),
(1608, 34, 179, '0.00'),
(1609, 34, 180, '0.00'),
(1610, 34, 181, '0.00'),
(1611, 35, 127, '0.00'),
(1612, 35, 128, '0.00'),
(1613, 35, 129, '0.00'),
(1614, 35, 130, '0.00'),
(1615, 35, 131, '0.00'),
(1616, 35, 132, '0.00'),
(1617, 35, 133, '0.00'),
(1618, 35, 134, '0.00'),
(1619, 35, 135, '0.00'),
(1620, 35, 136, '0.00'),
(1621, 35, 137, '0.00'),
(1622, 35, 138, '0.00'),
(1623, 35, 139, '0.00'),
(1624, 35, 140, '0.00'),
(1625, 35, 141, '0.00'),
(1626, 35, 142, '0.00'),
(1627, 35, 143, '0.00'),
(1628, 35, 144, '0.00'),
(1629, 35, 145, '0.00'),
(1630, 35, 146, '0.00'),
(1631, 35, 147, '0.00'),
(1632, 35, 148, '0.00'),
(1633, 35, 149, '0.00'),
(1634, 35, 150, '0.00'),
(1635, 35, 151, '0.00'),
(1636, 35, 152, '0.00'),
(1637, 35, 153, '0.00'),
(1638, 35, 154, '0.00'),
(1639, 35, 155, '0.00'),
(1640, 35, 156, '0.00'),
(1641, 35, 157, '0.00'),
(1642, 35, 158, '0.00'),
(1643, 35, 159, '0.00'),
(1644, 35, 160, '0.00'),
(1645, 35, 161, '0.00'),
(1646, 35, 162, '0.00'),
(1647, 35, 163, '0.00'),
(1648, 35, 164, '0.00'),
(1649, 35, 165, '0.00'),
(1650, 35, 166, '0.00'),
(1651, 35, 167, '0.00'),
(1652, 35, 168, '0.00'),
(1653, 35, 169, '0.00'),
(1654, 35, 170, '0.00'),
(1655, 35, 171, '0.00'),
(1656, 35, 172, '0.00'),
(1657, 35, 173, '0.00'),
(1658, 35, 174, '0.00'),
(1659, 35, 175, '0.00'),
(1660, 35, 176, '0.00'),
(1661, 35, 177, '0.00'),
(1662, 35, 178, '0.00'),
(1663, 35, 179, '0.00'),
(1664, 35, 180, '0.00'),
(1665, 35, 181, '0.00'),
(1666, 36, 127, '0.00'),
(1667, 36, 128, '0.00'),
(1668, 36, 129, '0.00'),
(1669, 36, 130, '0.00'),
(1670, 36, 131, '0.00'),
(1671, 36, 132, '0.00'),
(1672, 36, 133, '0.00'),
(1673, 36, 134, '0.00'),
(1674, 36, 135, '0.00'),
(1675, 36, 136, '0.00'),
(1676, 36, 137, '0.00'),
(1677, 36, 138, '0.00'),
(1678, 36, 139, '0.00'),
(1679, 36, 140, '0.00'),
(1680, 36, 141, '0.00'),
(1681, 36, 142, '0.00'),
(1682, 36, 143, '0.00'),
(1683, 36, 144, '0.00'),
(1684, 36, 145, '0.00'),
(1685, 36, 146, '0.00'),
(1686, 36, 147, '0.00'),
(1687, 36, 148, '0.00'),
(1688, 36, 149, '0.00'),
(1689, 36, 150, '0.00'),
(1690, 36, 151, '0.00'),
(1691, 36, 152, '0.00'),
(1692, 36, 153, '0.00'),
(1693, 36, 154, '0.00'),
(1694, 36, 155, '0.00'),
(1695, 36, 156, '0.00'),
(1696, 36, 157, '0.00'),
(1697, 36, 158, '0.00'),
(1698, 36, 159, '0.00'),
(1699, 36, 160, '0.00'),
(1700, 36, 161, '0.00'),
(1701, 36, 162, '0.00'),
(1702, 36, 163, '0.00'),
(1703, 36, 164, '0.00'),
(1704, 36, 165, '0.00'),
(1705, 36, 166, '0.00'),
(1706, 36, 167, '0.00'),
(1707, 36, 168, '0.00'),
(1708, 36, 169, '0.00'),
(1709, 36, 170, '0.00'),
(1710, 36, 171, '0.00'),
(1711, 36, 172, '0.00'),
(1712, 36, 173, '0.00'),
(1713, 36, 174, '0.00'),
(1714, 36, 175, '0.00'),
(1715, 36, 176, '0.00'),
(1716, 36, 177, '0.00'),
(1717, 36, 178, '0.00'),
(1718, 36, 179, '0.00'),
(1719, 36, 180, '0.00'),
(1720, 36, 181, '0.00'),
(1721, 37, 127, '0.00'),
(1722, 37, 128, '0.00'),
(1723, 37, 129, '0.00'),
(1724, 37, 130, '0.00'),
(1725, 37, 131, '0.00'),
(1726, 37, 132, '0.00'),
(1727, 37, 133, '0.00'),
(1728, 37, 134, '0.00'),
(1729, 37, 135, '0.00'),
(1730, 37, 136, '0.00'),
(1731, 37, 137, '0.00'),
(1732, 37, 138, '0.00'),
(1733, 37, 139, '0.00'),
(1734, 37, 140, '0.00'),
(1735, 37, 141, '0.00'),
(1736, 37, 142, '0.00'),
(1737, 37, 143, '0.00'),
(1738, 37, 144, '0.00'),
(1739, 37, 145, '0.00'),
(1740, 37, 146, '0.00'),
(1741, 37, 147, '0.00'),
(1742, 37, 148, '0.00'),
(1743, 37, 149, '0.00'),
(1744, 37, 150, '0.00'),
(1745, 37, 151, '0.00'),
(1746, 37, 152, '0.00'),
(1747, 37, 153, '0.00'),
(1748, 37, 154, '0.00'),
(1749, 37, 155, '0.00'),
(1750, 37, 156, '0.00'),
(1751, 37, 157, '0.00'),
(1752, 37, 158, '0.00'),
(1753, 37, 159, '0.00'),
(1754, 37, 160, '0.00'),
(1755, 37, 161, '0.00'),
(1756, 37, 162, '0.00'),
(1757, 37, 163, '0.00'),
(1758, 37, 164, '0.00'),
(1759, 37, 165, '0.00'),
(1760, 37, 166, '0.00'),
(1761, 37, 167, '0.00'),
(1762, 37, 168, '0.00'),
(1763, 37, 169, '0.00'),
(1764, 37, 170, '0.00'),
(1765, 37, 171, '0.00'),
(1766, 37, 172, '0.00'),
(1767, 37, 173, '0.00'),
(1768, 37, 174, '0.00'),
(1769, 37, 175, '0.00'),
(1770, 37, 176, '0.00'),
(1771, 37, 177, '0.00'),
(1772, 37, 178, '0.00'),
(1773, 37, 179, '0.00'),
(1774, 37, 180, '0.00'),
(1775, 37, 181, '0.00'),
(1776, 38, 127, '0.00'),
(1777, 38, 128, '0.00'),
(1778, 38, 129, '0.00'),
(1779, 38, 130, '0.00'),
(1780, 38, 131, '0.00'),
(1781, 38, 132, '0.00'),
(1782, 38, 133, '0.00'),
(1783, 38, 134, '0.00'),
(1784, 38, 135, '0.00'),
(1785, 38, 136, '0.00'),
(1786, 38, 137, '0.00'),
(1787, 38, 138, '0.00'),
(1788, 38, 139, '0.00'),
(1789, 38, 140, '0.00'),
(1790, 38, 141, '0.00'),
(1791, 38, 142, '0.00'),
(1792, 38, 143, '0.00'),
(1793, 38, 144, '0.00'),
(1794, 38, 145, '0.00'),
(1795, 38, 146, '0.00'),
(1796, 38, 147, '0.00'),
(1797, 38, 148, '0.00'),
(1798, 38, 149, '0.00'),
(1799, 38, 150, '0.00'),
(1800, 38, 151, '0.00'),
(1801, 38, 152, '0.00'),
(1802, 38, 153, '0.00'),
(1803, 38, 154, '0.00'),
(1804, 38, 155, '0.00'),
(1805, 38, 156, '0.00'),
(1806, 38, 157, '0.00'),
(1807, 38, 158, '0.00'),
(1808, 38, 159, '0.00'),
(1809, 38, 160, '0.00'),
(1810, 38, 161, '0.00'),
(1811, 38, 162, '0.00'),
(1812, 38, 163, '0.00'),
(1813, 38, 164, '0.00'),
(1814, 38, 165, '0.00'),
(1815, 38, 166, '0.00'),
(1816, 38, 167, '0.00'),
(1817, 38, 168, '0.00'),
(1818, 38, 169, '0.00'),
(1819, 38, 170, '0.00'),
(1820, 38, 171, '0.00'),
(1821, 38, 172, '0.00'),
(1822, 38, 173, '0.00'),
(1823, 38, 174, '0.00'),
(1824, 38, 175, '0.00'),
(1825, 38, 176, '0.00'),
(1826, 38, 177, '0.00'),
(1827, 38, 178, '0.00'),
(1828, 38, 179, '0.00'),
(1829, 38, 180, '0.00'),
(1830, 38, 181, '0.00'),
(1831, 39, 127, '0.00'),
(1832, 39, 128, '0.00'),
(1833, 39, 129, '0.00'),
(1834, 39, 130, '0.00'),
(1835, 39, 131, '0.00'),
(1836, 39, 132, '0.00'),
(1837, 39, 133, '0.00'),
(1838, 39, 134, '0.00'),
(1839, 39, 135, '0.00'),
(1840, 39, 136, '0.00'),
(1841, 39, 137, '0.00'),
(1842, 39, 138, '0.00'),
(1843, 39, 139, '0.00'),
(1844, 39, 140, '0.00'),
(1845, 39, 141, '0.00'),
(1846, 39, 142, '0.00'),
(1847, 39, 143, '0.00'),
(1848, 39, 144, '0.00'),
(1849, 39, 145, '0.00'),
(1850, 39, 146, '0.00'),
(1851, 39, 147, '0.00'),
(1852, 39, 148, '0.00'),
(1853, 39, 149, '0.00'),
(1854, 39, 150, '0.00'),
(1855, 39, 151, '0.00'),
(1856, 39, 152, '0.00'),
(1857, 39, 153, '0.00'),
(1858, 39, 154, '0.00'),
(1859, 39, 155, '0.00'),
(1860, 39, 156, '0.00'),
(1861, 39, 157, '0.00'),
(1862, 39, 158, '0.00'),
(1863, 39, 159, '0.00'),
(1864, 39, 160, '0.00'),
(1865, 39, 161, '0.00'),
(1866, 39, 162, '0.00'),
(1867, 39, 163, '0.00'),
(1868, 39, 164, '0.00'),
(1869, 39, 165, '0.00'),
(1870, 39, 166, '0.00'),
(1871, 39, 167, '0.00'),
(1872, 39, 168, '0.00'),
(1873, 39, 169, '0.00'),
(1874, 39, 170, '0.00'),
(1875, 39, 171, '0.00'),
(1876, 39, 172, '0.00'),
(1877, 39, 173, '0.00'),
(1878, 39, 174, '0.00'),
(1879, 39, 175, '0.00'),
(1880, 39, 176, '0.00'),
(1881, 39, 177, '0.00'),
(1882, 39, 178, '0.00'),
(1883, 39, 179, '0.00'),
(1884, 39, 180, '0.00'),
(1885, 39, 181, '0.00'),
(1886, 40, 127, '0.00'),
(1887, 40, 128, '0.00'),
(1888, 40, 129, '0.00'),
(1889, 40, 130, '0.00'),
(1890, 40, 131, '0.00'),
(1891, 40, 132, '0.00'),
(1892, 40, 133, '0.00'),
(1893, 40, 134, '0.00'),
(1894, 40, 135, '0.00'),
(1895, 40, 136, '0.00'),
(1896, 40, 137, '0.00'),
(1897, 40, 138, '0.00'),
(1898, 40, 139, '0.00'),
(1899, 40, 140, '0.00'),
(1900, 40, 141, '0.00'),
(1901, 40, 142, '0.00'),
(1902, 40, 143, '0.00'),
(1903, 40, 144, '0.00'),
(1904, 40, 145, '0.00'),
(1905, 40, 146, '0.00'),
(1906, 40, 147, '0.00'),
(1907, 40, 148, '0.00'),
(1908, 40, 149, '0.00'),
(1909, 40, 150, '0.00'),
(1910, 40, 151, '0.00'),
(1911, 40, 152, '0.00'),
(1912, 40, 153, '0.00'),
(1913, 40, 154, '0.00'),
(1914, 40, 155, '0.00'),
(1915, 40, 156, '0.00'),
(1916, 40, 157, '0.00'),
(1917, 40, 158, '0.00'),
(1918, 40, 159, '0.00'),
(1919, 40, 160, '0.00'),
(1920, 40, 161, '0.00'),
(1921, 40, 162, '0.00'),
(1922, 40, 163, '0.00'),
(1923, 40, 164, '0.00'),
(1924, 40, 165, '0.00'),
(1925, 40, 166, '0.00'),
(1926, 40, 167, '0.00'),
(1927, 40, 168, '0.00'),
(1928, 40, 169, '0.00'),
(1929, 40, 170, '0.00'),
(1930, 40, 171, '0.00'),
(1931, 40, 172, '0.00'),
(1932, 40, 173, '0.00'),
(1933, 40, 174, '0.00'),
(1934, 40, 175, '0.00'),
(1935, 40, 176, '0.00'),
(1936, 40, 177, '0.00'),
(1937, 40, 178, '0.00'),
(1938, 40, 179, '0.00'),
(1939, 40, 180, '0.00'),
(1940, 40, 181, '0.00'),
(1941, 41, 127, '0.00'),
(1942, 41, 128, '0.00'),
(1943, 41, 129, '0.00'),
(1944, 41, 130, '0.00'),
(1945, 41, 131, '0.00'),
(1946, 41, 132, '0.00'),
(1947, 41, 133, '0.00'),
(1948, 41, 134, '0.00'),
(1949, 41, 135, '0.00'),
(1950, 41, 136, '0.00'),
(1951, 41, 137, '0.00'),
(1952, 41, 138, '0.00'),
(1953, 41, 139, '0.00'),
(1954, 41, 140, '0.00'),
(1955, 41, 141, '0.00'),
(1956, 41, 142, '0.00'),
(1957, 41, 143, '0.00'),
(1958, 41, 144, '0.00'),
(1959, 41, 145, '0.00'),
(1960, 41, 146, '0.00'),
(1961, 41, 147, '0.00'),
(1962, 41, 148, '0.00'),
(1963, 41, 149, '0.00'),
(1964, 41, 150, '0.00'),
(1965, 41, 151, '0.00'),
(1966, 41, 152, '0.00'),
(1967, 41, 153, '0.00'),
(1968, 41, 154, '0.00'),
(1969, 41, 155, '0.00'),
(1970, 41, 156, '0.00'),
(1971, 41, 157, '0.00'),
(1972, 41, 158, '0.00'),
(1973, 41, 159, '0.00'),
(1974, 41, 160, '0.00'),
(1975, 41, 161, '0.00'),
(1976, 41, 162, '0.00'),
(1977, 41, 163, '0.00'),
(1978, 41, 164, '0.00'),
(1979, 41, 165, '0.00'),
(1980, 41, 166, '0.00'),
(1981, 41, 167, '0.00'),
(1982, 41, 168, '0.00'),
(1983, 41, 169, '0.00'),
(1984, 41, 170, '0.00'),
(1985, 41, 171, '0.00'),
(1986, 41, 172, '0.00'),
(1987, 41, 173, '0.00'),
(1988, 41, 174, '0.00'),
(1989, 41, 175, '0.00'),
(1990, 41, 176, '0.00'),
(1991, 41, 177, '0.00'),
(1992, 41, 178, '0.00'),
(1993, 41, 179, '0.00'),
(1994, 41, 180, '0.00'),
(1995, 41, 181, '0.00'),
(1996, 42, 127, '0.00'),
(1997, 42, 128, '0.00'),
(1998, 42, 129, '0.00'),
(1999, 42, 130, '0.00'),
(2000, 42, 131, '0.00'),
(2001, 42, 132, '0.00'),
(2002, 42, 133, '0.00'),
(2003, 42, 134, '0.00'),
(2004, 42, 135, '0.00'),
(2005, 42, 136, '0.00'),
(2006, 42, 137, '0.00'),
(2007, 42, 138, '0.00'),
(2008, 42, 139, '0.00'),
(2009, 42, 140, '0.00'),
(2010, 42, 141, '0.00'),
(2011, 42, 142, '0.00'),
(2012, 42, 143, '0.00'),
(2013, 42, 144, '0.00'),
(2014, 42, 145, '0.00'),
(2015, 42, 146, '0.00'),
(2016, 42, 147, '0.00'),
(2017, 42, 148, '0.00'),
(2018, 42, 149, '0.00'),
(2019, 42, 150, '0.00'),
(2020, 42, 151, '0.00'),
(2021, 42, 152, '0.00'),
(2022, 42, 153, '0.00'),
(2023, 42, 154, '0.00'),
(2024, 42, 155, '0.00'),
(2025, 42, 156, '0.00'),
(2026, 42, 157, '0.00'),
(2027, 42, 158, '0.00'),
(2028, 42, 159, '0.00'),
(2029, 42, 160, '0.00'),
(2030, 42, 161, '0.00'),
(2031, 42, 162, '0.00'),
(2032, 42, 163, '0.00'),
(2033, 42, 164, '0.00'),
(2034, 42, 165, '0.00'),
(2035, 42, 166, '0.00'),
(2036, 42, 167, '0.00'),
(2037, 42, 168, '0.00'),
(2038, 42, 169, '0.00'),
(2039, 42, 170, '0.00'),
(2040, 42, 171, '0.00'),
(2041, 42, 172, '0.00'),
(2042, 42, 173, '0.00'),
(2043, 42, 174, '0.00'),
(2044, 42, 175, '0.00'),
(2045, 42, 176, '0.00'),
(2046, 42, 177, '0.00'),
(2047, 42, 178, '0.00'),
(2048, 42, 179, '0.00'),
(2049, 42, 180, '0.00'),
(2050, 42, 181, '0.00'),
(2051, 43, 127, '0.00'),
(2052, 43, 128, '0.00'),
(2053, 43, 129, '0.00'),
(2054, 43, 130, '0.00'),
(2055, 43, 131, '0.00'),
(2056, 43, 132, '0.00'),
(2057, 43, 133, '0.00'),
(2058, 43, 134, '0.00'),
(2059, 43, 135, '0.00'),
(2060, 43, 136, '0.00'),
(2061, 43, 137, '0.00'),
(2062, 43, 138, '0.00'),
(2063, 43, 139, '0.00'),
(2064, 43, 140, '0.00'),
(2065, 43, 141, '0.00'),
(2066, 43, 142, '0.00'),
(2067, 43, 143, '0.00'),
(2068, 43, 144, '0.00'),
(2069, 43, 145, '0.00'),
(2070, 43, 146, '0.00'),
(2071, 43, 147, '0.00'),
(2072, 43, 148, '0.00'),
(2073, 43, 149, '0.00'),
(2074, 43, 150, '0.00'),
(2075, 43, 151, '0.00'),
(2076, 43, 152, '0.00'),
(2077, 43, 153, '0.00'),
(2078, 43, 154, '0.00'),
(2079, 43, 155, '0.00'),
(2080, 43, 156, '0.00'),
(2081, 43, 157, '0.00'),
(2082, 43, 158, '0.00'),
(2083, 43, 159, '0.00'),
(2084, 43, 160, '0.00'),
(2085, 43, 161, '0.00'),
(2086, 43, 162, '0.00'),
(2087, 43, 163, '0.00'),
(2088, 43, 164, '0.00'),
(2089, 43, 165, '0.00'),
(2090, 43, 166, '0.00'),
(2091, 43, 167, '0.00'),
(2092, 43, 168, '0.00'),
(2093, 43, 169, '0.00'),
(2094, 43, 170, '0.00'),
(2095, 43, 171, '0.00'),
(2096, 43, 172, '0.00'),
(2097, 43, 173, '0.00'),
(2098, 43, 174, '0.00'),
(2099, 43, 175, '0.00'),
(2100, 43, 176, '0.00'),
(2101, 43, 177, '0.00'),
(2102, 43, 178, '0.00'),
(2103, 43, 179, '0.00'),
(2104, 43, 180, '0.00'),
(2105, 43, 181, '0.00'),
(2106, 44, 127, '0.00'),
(2107, 44, 128, '0.00'),
(2108, 44, 129, '0.00'),
(2109, 44, 130, '0.00'),
(2110, 44, 131, '0.00'),
(2111, 44, 132, '0.00'),
(2112, 44, 133, '0.00'),
(2113, 44, 134, '0.00'),
(2114, 44, 135, '0.00'),
(2115, 44, 136, '0.00'),
(2116, 44, 137, '0.00'),
(2117, 44, 138, '0.00'),
(2118, 44, 139, '0.00'),
(2119, 44, 140, '0.00'),
(2120, 44, 141, '0.00'),
(2121, 44, 142, '0.00'),
(2122, 44, 143, '0.00'),
(2123, 44, 144, '0.00'),
(2124, 44, 145, '0.00'),
(2125, 44, 146, '0.00'),
(2126, 44, 147, '0.00'),
(2127, 44, 148, '0.00'),
(2128, 44, 149, '0.00'),
(2129, 44, 150, '0.00'),
(2130, 44, 151, '0.00'),
(2131, 44, 152, '0.00'),
(2132, 44, 153, '0.00'),
(2133, 44, 154, '0.00'),
(2134, 44, 155, '0.00'),
(2135, 44, 156, '0.00'),
(2136, 44, 157, '0.00'),
(2137, 44, 158, '0.00'),
(2138, 44, 159, '0.00'),
(2139, 44, 160, '0.00'),
(2140, 44, 161, '0.00'),
(2141, 44, 162, '0.00'),
(2142, 44, 163, '0.00'),
(2143, 44, 164, '0.00'),
(2144, 44, 165, '0.00'),
(2145, 44, 166, '0.00'),
(2146, 44, 167, '0.00'),
(2147, 44, 168, '0.00'),
(2148, 44, 169, '0.00'),
(2149, 44, 170, '0.00'),
(2150, 44, 171, '0.00'),
(2151, 44, 172, '0.00'),
(2152, 44, 173, '0.00'),
(2153, 44, 174, '0.00'),
(2154, 44, 175, '0.00'),
(2155, 44, 176, '0.00'),
(2156, 44, 177, '0.00'),
(2157, 44, 178, '0.00'),
(2158, 44, 179, '0.00'),
(2159, 44, 180, '0.00'),
(2160, 44, 181, '0.00'),
(2161, 45, 127, '0.00'),
(2162, 45, 128, '0.00'),
(2163, 45, 129, '0.00'),
(2164, 45, 130, '0.00'),
(2165, 45, 131, '0.00'),
(2166, 45, 132, '0.00'),
(2167, 45, 133, '0.00'),
(2168, 45, 134, '0.00'),
(2169, 45, 135, '0.00'),
(2170, 45, 136, '0.00'),
(2171, 45, 137, '0.00'),
(2172, 45, 138, '0.00'),
(2173, 45, 139, '0.00'),
(2174, 45, 140, '0.00'),
(2175, 45, 141, '0.00'),
(2176, 45, 142, '0.00'),
(2177, 45, 143, '0.00'),
(2178, 45, 144, '0.00'),
(2179, 45, 145, '0.00'),
(2180, 45, 146, '0.00'),
(2181, 45, 147, '0.00'),
(2182, 45, 148, '0.00'),
(2183, 45, 149, '0.00'),
(2184, 45, 150, '0.00'),
(2185, 45, 151, '0.00'),
(2186, 45, 152, '0.00'),
(2187, 45, 153, '0.00'),
(2188, 45, 154, '0.00'),
(2189, 45, 155, '0.00'),
(2190, 45, 156, '0.00'),
(2191, 45, 157, '0.00'),
(2192, 45, 158, '0.00'),
(2193, 45, 159, '0.00'),
(2194, 45, 160, '0.00'),
(2195, 45, 161, '0.00'),
(2196, 45, 162, '0.00'),
(2197, 45, 163, '0.00'),
(2198, 45, 164, '0.00'),
(2199, 45, 165, '0.00'),
(2200, 45, 166, '0.00'),
(2201, 45, 167, '0.00'),
(2202, 45, 168, '0.00'),
(2203, 45, 169, '0.00'),
(2204, 45, 170, '0.00'),
(2205, 45, 171, '0.00'),
(2206, 45, 172, '0.00'),
(2207, 45, 173, '0.00'),
(2208, 45, 174, '0.00'),
(2209, 45, 175, '0.00'),
(2210, 45, 176, '0.00'),
(2211, 45, 177, '0.00'),
(2212, 45, 178, '0.00'),
(2213, 45, 179, '0.00'),
(2214, 45, 180, '0.00'),
(2215, 45, 181, '0.00'),
(2216, 46, 127, '0.00'),
(2217, 46, 128, '0.00'),
(2218, 46, 129, '0.00'),
(2219, 46, 130, '0.00'),
(2220, 46, 131, '0.00'),
(2221, 46, 132, '0.00'),
(2222, 46, 133, '0.00'),
(2223, 46, 134, '0.00'),
(2224, 46, 135, '0.00'),
(2225, 46, 136, '0.00'),
(2226, 46, 137, '0.00'),
(2227, 46, 138, '0.00'),
(2228, 46, 139, '0.00'),
(2229, 46, 140, '0.00'),
(2230, 46, 141, '0.00'),
(2231, 46, 142, '0.00'),
(2232, 46, 143, '0.00'),
(2233, 46, 144, '0.00'),
(2234, 46, 145, '0.00'),
(2235, 46, 146, '0.00'),
(2236, 46, 147, '0.00'),
(2237, 46, 148, '0.00'),
(2238, 46, 149, '0.00'),
(2239, 46, 150, '0.00'),
(2240, 46, 151, '0.00'),
(2241, 46, 152, '0.00');
INSERT INTO `cuenta_valor` (`id_Cuenta_valor`, `id_Balance`, `id_Cuenta`, `valor`) VALUES
(2242, 46, 153, '0.00'),
(2243, 46, 154, '0.00'),
(2244, 46, 155, '0.00'),
(2245, 46, 156, '0.00'),
(2246, 46, 157, '0.00'),
(2247, 46, 158, '0.00'),
(2248, 46, 159, '0.00'),
(2249, 46, 160, '0.00'),
(2250, 46, 161, '0.00'),
(2251, 46, 162, '0.00'),
(2252, 46, 163, '0.00'),
(2253, 46, 164, '0.00'),
(2254, 46, 165, '0.00'),
(2255, 46, 166, '0.00'),
(2256, 46, 167, '0.00'),
(2257, 46, 168, '0.00'),
(2258, 46, 169, '0.00'),
(2259, 46, 170, '0.00'),
(2260, 46, 171, '0.00'),
(2261, 46, 172, '0.00'),
(2262, 46, 173, '0.00'),
(2263, 46, 174, '0.00'),
(2264, 46, 175, '0.00'),
(2265, 46, 176, '0.00'),
(2266, 46, 177, '0.00'),
(2267, 46, 178, '0.00'),
(2268, 46, 179, '0.00'),
(2269, 46, 180, '0.00'),
(2270, 46, 181, '0.00'),
(2271, 47, 127, '0.00'),
(2272, 47, 128, '0.00'),
(2273, 47, 129, '0.00'),
(2274, 47, 130, '0.00'),
(2275, 47, 131, '0.00'),
(2276, 47, 132, '0.00'),
(2277, 47, 133, '0.00'),
(2278, 47, 134, '0.00'),
(2279, 47, 135, '0.00'),
(2280, 47, 136, '0.00'),
(2281, 47, 137, '0.00'),
(2282, 47, 138, '0.00'),
(2283, 47, 139, '0.00'),
(2284, 47, 140, '0.00'),
(2285, 47, 141, '0.00'),
(2286, 47, 142, '0.00'),
(2287, 47, 143, '0.00'),
(2288, 47, 144, '0.00'),
(2289, 47, 145, '0.00'),
(2290, 47, 146, '0.00'),
(2291, 47, 147, '0.00'),
(2292, 47, 148, '0.00'),
(2293, 47, 149, '0.00'),
(2294, 47, 150, '0.00'),
(2295, 47, 151, '0.00'),
(2296, 47, 152, '0.00'),
(2297, 47, 153, '0.00'),
(2298, 47, 154, '0.00'),
(2299, 47, 155, '0.00'),
(2300, 47, 156, '0.00'),
(2301, 47, 157, '0.00'),
(2302, 47, 158, '0.00'),
(2303, 47, 159, '0.00'),
(2304, 47, 160, '0.00'),
(2305, 47, 161, '0.00'),
(2306, 47, 162, '0.00'),
(2307, 47, 163, '0.00'),
(2308, 47, 164, '0.00'),
(2309, 47, 165, '0.00'),
(2310, 47, 166, '0.00'),
(2311, 47, 167, '0.00'),
(2312, 47, 168, '0.00'),
(2313, 47, 169, '0.00'),
(2314, 47, 170, '0.00'),
(2315, 47, 171, '0.00'),
(2316, 47, 172, '0.00'),
(2317, 47, 173, '0.00'),
(2318, 47, 174, '0.00'),
(2319, 47, 175, '0.00'),
(2320, 47, 176, '0.00'),
(2321, 47, 177, '0.00'),
(2322, 47, 178, '0.00'),
(2323, 47, 179, '0.00'),
(2324, 47, 180, '0.00'),
(2325, 47, 181, '0.00'),
(2326, 48, 127, '0.00'),
(2327, 48, 128, '0.00'),
(2328, 48, 129, '0.00'),
(2329, 48, 130, '0.00'),
(2330, 48, 131, '0.00'),
(2331, 48, 132, '0.00'),
(2332, 48, 133, '0.00'),
(2333, 48, 134, '0.00'),
(2334, 48, 135, '0.00'),
(2335, 48, 136, '0.00'),
(2336, 48, 137, '0.00'),
(2337, 48, 138, '0.00'),
(2338, 48, 139, '0.00'),
(2339, 48, 140, '0.00'),
(2340, 48, 141, '0.00'),
(2341, 48, 142, '0.00'),
(2342, 48, 143, '0.00'),
(2343, 48, 144, '0.00'),
(2344, 48, 145, '0.00'),
(2345, 48, 146, '0.00'),
(2346, 48, 147, '0.00'),
(2347, 48, 148, '0.00'),
(2348, 48, 149, '0.00'),
(2349, 48, 150, '0.00'),
(2350, 48, 151, '0.00'),
(2351, 48, 152, '0.00'),
(2352, 48, 153, '0.00'),
(2353, 48, 154, '0.00'),
(2354, 48, 155, '0.00'),
(2355, 48, 156, '0.00'),
(2356, 48, 157, '0.00'),
(2357, 48, 158, '0.00'),
(2358, 48, 159, '0.00'),
(2359, 48, 160, '0.00'),
(2360, 48, 161, '0.00'),
(2361, 48, 162, '0.00'),
(2362, 48, 163, '0.00'),
(2363, 48, 164, '0.00'),
(2364, 48, 165, '0.00'),
(2365, 48, 166, '0.00'),
(2366, 48, 167, '0.00'),
(2367, 48, 168, '0.00'),
(2368, 48, 169, '0.00'),
(2369, 48, 170, '0.00'),
(2370, 48, 171, '0.00'),
(2371, 48, 172, '0.00'),
(2372, 48, 173, '0.00'),
(2373, 48, 174, '0.00'),
(2374, 48, 175, '0.00'),
(2375, 48, 176, '0.00'),
(2376, 48, 177, '0.00'),
(2377, 48, 178, '0.00'),
(2378, 48, 179, '0.00'),
(2379, 48, 180, '0.00'),
(2380, 48, 181, '0.00'),
(2381, 49, 127, '0.00'),
(2382, 49, 128, '0.00'),
(2383, 49, 129, '0.00'),
(2384, 49, 130, '0.00'),
(2385, 49, 131, '0.00'),
(2386, 49, 132, '0.00'),
(2387, 49, 133, '0.00'),
(2388, 49, 134, '0.00'),
(2389, 49, 135, '0.00'),
(2390, 49, 136, '0.00'),
(2391, 49, 137, '0.00'),
(2392, 49, 138, '0.00'),
(2393, 49, 139, '0.00'),
(2394, 49, 140, '0.00'),
(2395, 49, 141, '0.00'),
(2396, 49, 142, '0.00'),
(2397, 49, 143, '0.00'),
(2398, 49, 144, '0.00'),
(2399, 49, 145, '0.00'),
(2400, 49, 146, '0.00'),
(2401, 49, 147, '0.00'),
(2402, 49, 148, '0.00'),
(2403, 49, 149, '0.00'),
(2404, 49, 150, '0.00'),
(2405, 49, 151, '0.00'),
(2406, 49, 152, '0.00'),
(2407, 49, 153, '0.00'),
(2408, 49, 154, '0.00'),
(2409, 49, 155, '0.00'),
(2410, 49, 156, '0.00'),
(2411, 49, 157, '0.00'),
(2412, 49, 158, '0.00'),
(2413, 49, 159, '0.00'),
(2414, 49, 160, '0.00'),
(2415, 49, 161, '0.00'),
(2416, 49, 162, '0.00'),
(2417, 49, 163, '0.00'),
(2418, 49, 164, '0.00'),
(2419, 49, 165, '0.00'),
(2420, 49, 166, '0.00'),
(2421, 49, 167, '0.00'),
(2422, 49, 168, '0.00'),
(2423, 49, 169, '0.00'),
(2424, 49, 170, '0.00'),
(2425, 49, 171, '0.00'),
(2426, 49, 172, '0.00'),
(2427, 49, 173, '0.00'),
(2428, 49, 174, '0.00'),
(2429, 49, 175, '0.00'),
(2430, 49, 176, '0.00'),
(2431, 49, 177, '0.00'),
(2432, 49, 178, '0.00'),
(2433, 49, 179, '0.00'),
(2434, 49, 180, '0.00'),
(2435, 49, 181, '0.00'),
(2436, 50, 127, '0.00'),
(2437, 50, 128, '0.00'),
(2438, 50, 129, '0.00'),
(2439, 50, 130, '0.00'),
(2440, 50, 131, '0.00'),
(2441, 50, 132, '0.00'),
(2442, 50, 133, '0.00'),
(2443, 50, 134, '0.00'),
(2444, 50, 135, '0.00'),
(2445, 50, 136, '0.00'),
(2446, 50, 137, '0.00'),
(2447, 50, 138, '0.00'),
(2448, 50, 139, '0.00'),
(2449, 50, 140, '0.00'),
(2450, 50, 141, '0.00'),
(2451, 50, 142, '0.00'),
(2452, 50, 143, '0.00'),
(2453, 50, 144, '0.00'),
(2454, 50, 145, '0.00'),
(2455, 50, 146, '0.00'),
(2456, 50, 147, '0.00'),
(2457, 50, 148, '0.00'),
(2458, 50, 149, '0.00'),
(2459, 50, 150, '0.00'),
(2460, 50, 151, '0.00'),
(2461, 50, 152, '0.00'),
(2462, 50, 153, '0.00'),
(2463, 50, 154, '0.00'),
(2464, 50, 155, '0.00'),
(2465, 50, 156, '0.00'),
(2466, 50, 157, '0.00'),
(2467, 50, 158, '0.00'),
(2468, 50, 159, '0.00'),
(2469, 50, 160, '0.00'),
(2470, 50, 161, '0.00'),
(2471, 50, 162, '0.00'),
(2472, 50, 163, '0.00'),
(2473, 50, 164, '0.00'),
(2474, 50, 165, '0.00'),
(2475, 50, 166, '0.00'),
(2476, 50, 167, '0.00'),
(2477, 50, 168, '0.00'),
(2478, 50, 169, '0.00'),
(2479, 50, 170, '0.00'),
(2480, 50, 171, '0.00'),
(2481, 50, 172, '0.00'),
(2482, 50, 173, '0.00'),
(2483, 50, 174, '0.00'),
(2484, 50, 175, '0.00'),
(2485, 50, 176, '0.00'),
(2486, 50, 177, '0.00'),
(2487, 50, 178, '0.00'),
(2488, 50, 179, '0.00'),
(2489, 50, 180, '0.00'),
(2490, 50, 181, '0.00'),
(2491, 51, 127, '0.00'),
(2492, 51, 128, '0.00'),
(2493, 51, 129, '0.00'),
(2494, 51, 130, '0.00'),
(2495, 51, 131, '0.00'),
(2496, 51, 132, '0.00'),
(2497, 51, 133, '0.00'),
(2498, 51, 134, '0.00'),
(2499, 51, 135, '0.00'),
(2500, 51, 136, '0.00'),
(2501, 51, 137, '0.00'),
(2502, 51, 138, '0.00'),
(2503, 51, 139, '0.00'),
(2504, 51, 140, '0.00'),
(2505, 51, 141, '0.00'),
(2506, 51, 142, '0.00'),
(2507, 51, 143, '0.00'),
(2508, 51, 144, '0.00'),
(2509, 51, 145, '0.00'),
(2510, 51, 146, '0.00'),
(2511, 51, 147, '0.00'),
(2512, 51, 148, '0.00'),
(2513, 51, 149, '0.00'),
(2514, 51, 150, '0.00'),
(2515, 51, 151, '0.00'),
(2516, 51, 152, '0.00'),
(2517, 51, 153, '0.00'),
(2518, 51, 154, '0.00'),
(2519, 51, 155, '0.00'),
(2520, 51, 156, '0.00'),
(2521, 51, 157, '0.00'),
(2522, 51, 158, '0.00'),
(2523, 51, 159, '0.00'),
(2524, 51, 160, '0.00'),
(2525, 51, 161, '0.00'),
(2526, 51, 162, '0.00'),
(2527, 51, 163, '0.00'),
(2528, 51, 164, '0.00'),
(2529, 51, 165, '0.00'),
(2530, 51, 166, '0.00'),
(2531, 51, 167, '0.00'),
(2532, 51, 168, '0.00'),
(2533, 51, 169, '0.00'),
(2534, 51, 170, '0.00'),
(2535, 51, 171, '0.00'),
(2536, 51, 172, '0.00'),
(2537, 51, 173, '0.00'),
(2538, 51, 174, '0.00'),
(2539, 51, 175, '0.00'),
(2540, 51, 176, '0.00'),
(2541, 51, 177, '0.00'),
(2542, 51, 178, '0.00'),
(2543, 51, 179, '0.00'),
(2544, 51, 180, '0.00'),
(2545, 51, 181, '0.00'),
(2546, 52, 127, '0.00'),
(2547, 52, 128, '0.00'),
(2548, 52, 129, '0.00'),
(2549, 52, 130, '0.00'),
(2550, 52, 131, '0.00'),
(2551, 52, 132, '0.00'),
(2552, 52, 133, '0.00'),
(2553, 52, 134, '0.00'),
(2554, 52, 135, '0.00'),
(2555, 52, 136, '0.00'),
(2556, 52, 137, '0.00'),
(2557, 52, 138, '0.00'),
(2558, 52, 139, '0.00'),
(2559, 52, 140, '0.00'),
(2560, 52, 141, '0.00'),
(2561, 52, 142, '0.00'),
(2562, 52, 143, '0.00'),
(2563, 52, 144, '0.00'),
(2564, 52, 145, '0.00'),
(2565, 52, 146, '0.00'),
(2566, 52, 147, '0.00'),
(2567, 52, 148, '0.00'),
(2568, 52, 149, '0.00'),
(2569, 52, 150, '0.00'),
(2570, 52, 151, '0.00'),
(2571, 52, 152, '0.00'),
(2572, 52, 153, '0.00'),
(2573, 52, 154, '0.00'),
(2574, 52, 155, '0.00'),
(2575, 52, 156, '0.00'),
(2576, 52, 157, '0.00'),
(2577, 52, 158, '0.00'),
(2578, 52, 159, '0.00'),
(2579, 52, 160, '0.00'),
(2580, 52, 161, '0.00'),
(2581, 52, 162, '0.00'),
(2582, 52, 163, '0.00'),
(2583, 52, 164, '0.00'),
(2584, 52, 165, '0.00'),
(2585, 52, 166, '0.00'),
(2586, 52, 167, '0.00'),
(2587, 52, 168, '0.00'),
(2588, 52, 169, '0.00'),
(2589, 52, 170, '0.00'),
(2590, 52, 171, '0.00'),
(2591, 52, 172, '0.00'),
(2592, 52, 173, '0.00'),
(2593, 52, 174, '0.00'),
(2594, 52, 175, '0.00'),
(2595, 52, 176, '0.00'),
(2596, 52, 177, '0.00'),
(2597, 52, 178, '0.00'),
(2598, 52, 179, '0.00'),
(2599, 52, 180, '0.00'),
(2600, 52, 181, '0.00'),
(2601, 53, 127, '0.00'),
(2602, 53, 128, '0.00'),
(2603, 53, 129, '0.00'),
(2604, 53, 130, '0.00'),
(2605, 53, 131, '0.00'),
(2606, 53, 132, '0.00'),
(2607, 53, 133, '0.00'),
(2608, 53, 134, '0.00'),
(2609, 53, 135, '0.00'),
(2610, 53, 136, '0.00'),
(2611, 53, 137, '0.00'),
(2612, 53, 138, '0.00'),
(2613, 53, 139, '0.00'),
(2614, 53, 140, '0.00'),
(2615, 53, 141, '0.00'),
(2616, 53, 142, '0.00'),
(2617, 53, 143, '0.00'),
(2618, 53, 144, '0.00'),
(2619, 53, 145, '0.00'),
(2620, 53, 146, '0.00'),
(2621, 53, 147, '0.00'),
(2622, 53, 148, '0.00'),
(2623, 53, 149, '0.00'),
(2624, 53, 150, '0.00'),
(2625, 53, 151, '0.00'),
(2626, 53, 152, '0.00'),
(2627, 53, 153, '0.00'),
(2628, 53, 154, '0.00'),
(2629, 53, 155, '0.00'),
(2630, 53, 156, '0.00'),
(2631, 53, 157, '0.00'),
(2632, 53, 158, '0.00'),
(2633, 53, 159, '0.00'),
(2634, 53, 160, '0.00'),
(2635, 53, 161, '0.00'),
(2636, 53, 162, '0.00'),
(2637, 53, 163, '0.00'),
(2638, 53, 164, '0.00'),
(2639, 53, 165, '0.00'),
(2640, 53, 166, '0.00'),
(2641, 53, 167, '0.00'),
(2642, 53, 168, '0.00'),
(2643, 53, 169, '0.00'),
(2644, 53, 170, '0.00'),
(2645, 53, 171, '0.00'),
(2646, 53, 172, '0.00'),
(2647, 53, 173, '0.00'),
(2648, 53, 174, '0.00'),
(2649, 53, 175, '0.00'),
(2650, 53, 176, '0.00'),
(2651, 53, 177, '0.00'),
(2652, 53, 178, '0.00'),
(2653, 53, 179, '0.00'),
(2654, 53, 180, '0.00'),
(2655, 53, 181, '0.00'),
(2656, 54, 127, '0.00'),
(2657, 54, 128, '0.00'),
(2658, 54, 129, '0.00'),
(2659, 54, 130, '0.00'),
(2660, 54, 131, '0.00'),
(2661, 54, 132, '0.00'),
(2662, 54, 133, '0.00'),
(2663, 54, 134, '0.00'),
(2664, 54, 135, '0.00'),
(2665, 54, 136, '0.00'),
(2666, 54, 137, '0.00'),
(2667, 54, 138, '0.00'),
(2668, 54, 139, '0.00'),
(2669, 54, 140, '0.00'),
(2670, 54, 141, '0.00'),
(2671, 54, 142, '0.00'),
(2672, 54, 143, '0.00'),
(2673, 54, 144, '0.00'),
(2674, 54, 145, '0.00'),
(2675, 54, 146, '0.00'),
(2676, 54, 147, '0.00'),
(2677, 54, 148, '0.00'),
(2678, 54, 149, '0.00'),
(2679, 54, 150, '0.00'),
(2680, 54, 151, '0.00'),
(2681, 54, 152, '0.00'),
(2682, 54, 153, '0.00'),
(2683, 54, 154, '0.00'),
(2684, 54, 155, '0.00'),
(2685, 54, 156, '0.00'),
(2686, 54, 157, '0.00'),
(2687, 54, 158, '0.00'),
(2688, 54, 159, '0.00'),
(2689, 54, 160, '0.00'),
(2690, 54, 161, '0.00'),
(2691, 54, 162, '0.00'),
(2692, 54, 163, '0.00'),
(2693, 54, 164, '0.00'),
(2694, 54, 165, '0.00'),
(2695, 54, 166, '0.00'),
(2696, 54, 167, '0.00'),
(2697, 54, 168, '0.00'),
(2698, 54, 169, '0.00'),
(2699, 54, 170, '0.00'),
(2700, 54, 171, '0.00'),
(2701, 54, 172, '0.00'),
(2702, 54, 173, '0.00'),
(2703, 54, 174, '0.00'),
(2704, 54, 175, '0.00'),
(2705, 54, 176, '0.00'),
(2706, 54, 177, '0.00'),
(2707, 54, 178, '0.00'),
(2708, 54, 179, '0.00'),
(2709, 54, 180, '0.00'),
(2710, 54, 181, '0.00'),
(2711, 55, 127, '0.00'),
(2712, 55, 128, '0.00'),
(2713, 55, 129, '0.00'),
(2714, 55, 130, '0.00'),
(2715, 55, 131, '0.00'),
(2716, 55, 132, '0.00'),
(2717, 55, 133, '0.00'),
(2718, 55, 134, '0.00'),
(2719, 55, 135, '0.00'),
(2720, 55, 136, '0.00'),
(2721, 55, 137, '0.00'),
(2722, 55, 138, '0.00'),
(2723, 55, 139, '0.00'),
(2724, 55, 140, '0.00'),
(2725, 55, 141, '0.00'),
(2726, 55, 142, '0.00'),
(2727, 55, 143, '0.00'),
(2728, 55, 144, '0.00'),
(2729, 55, 145, '0.00'),
(2730, 55, 146, '0.00'),
(2731, 55, 147, '0.00'),
(2732, 55, 148, '0.00'),
(2733, 55, 149, '0.00'),
(2734, 55, 150, '0.00'),
(2735, 55, 151, '0.00'),
(2736, 55, 152, '0.00'),
(2737, 55, 153, '0.00'),
(2738, 55, 154, '0.00'),
(2739, 55, 155, '0.00'),
(2740, 55, 156, '0.00'),
(2741, 55, 157, '0.00'),
(2742, 55, 158, '0.00'),
(2743, 55, 159, '0.00'),
(2744, 55, 160, '0.00'),
(2745, 55, 161, '0.00'),
(2746, 55, 162, '0.00'),
(2747, 55, 163, '0.00'),
(2748, 55, 164, '0.00'),
(2749, 55, 165, '0.00'),
(2750, 55, 166, '0.00'),
(2751, 55, 167, '0.00'),
(2752, 55, 168, '0.00'),
(2753, 55, 169, '0.00'),
(2754, 55, 170, '0.00'),
(2755, 55, 171, '0.00'),
(2756, 55, 172, '0.00'),
(2757, 55, 173, '0.00'),
(2758, 55, 174, '0.00'),
(2759, 55, 175, '0.00'),
(2760, 55, 176, '0.00'),
(2761, 55, 177, '0.00'),
(2762, 55, 178, '0.00'),
(2763, 55, 179, '0.00'),
(2764, 55, 180, '0.00'),
(2765, 55, 181, '0.00'),
(2766, 56, 127, '0.00'),
(2767, 56, 128, '0.00'),
(2768, 56, 129, '0.00'),
(2769, 56, 130, '0.00'),
(2770, 56, 131, '0.00'),
(2771, 56, 132, '0.00'),
(2772, 56, 133, '0.00'),
(2773, 56, 134, '0.00'),
(2774, 56, 135, '0.00'),
(2775, 56, 136, '0.00'),
(2776, 56, 137, '0.00'),
(2777, 56, 138, '0.00'),
(2778, 56, 139, '0.00'),
(2779, 56, 140, '0.00'),
(2780, 56, 141, '0.00'),
(2781, 56, 142, '0.00'),
(2782, 56, 143, '0.00'),
(2783, 56, 144, '0.00'),
(2784, 56, 145, '0.00'),
(2785, 56, 146, '0.00'),
(2786, 56, 147, '0.00'),
(2787, 56, 148, '0.00'),
(2788, 56, 149, '0.00'),
(2789, 56, 150, '0.00'),
(2790, 56, 151, '0.00'),
(2791, 56, 152, '0.00'),
(2792, 56, 153, '0.00'),
(2793, 56, 154, '0.00'),
(2794, 56, 155, '0.00'),
(2795, 56, 156, '0.00'),
(2796, 56, 157, '0.00'),
(2797, 56, 158, '0.00'),
(2798, 56, 159, '0.00'),
(2799, 56, 160, '0.00'),
(2800, 56, 161, '0.00'),
(2801, 56, 162, '0.00'),
(2802, 56, 163, '0.00'),
(2803, 56, 164, '0.00'),
(2804, 56, 165, '0.00'),
(2805, 56, 166, '0.00'),
(2806, 56, 167, '0.00'),
(2807, 56, 168, '0.00'),
(2808, 56, 169, '0.00'),
(2809, 56, 170, '0.00'),
(2810, 56, 171, '0.00'),
(2811, 56, 172, '0.00'),
(2812, 56, 173, '0.00'),
(2813, 56, 174, '0.00'),
(2814, 56, 175, '0.00'),
(2815, 56, 176, '0.00'),
(2816, 56, 177, '0.00'),
(2817, 56, 178, '0.00'),
(2818, 56, 179, '0.00'),
(2819, 56, 180, '0.00'),
(2820, 56, 181, '0.00'),
(2821, 57, 127, '0.00'),
(2822, 57, 128, '0.00'),
(2823, 57, 129, '0.00'),
(2824, 57, 130, '0.00'),
(2825, 57, 131, '0.00'),
(2826, 57, 132, '0.00'),
(2827, 57, 133, '0.00'),
(2828, 57, 134, '0.00'),
(2829, 57, 135, '0.00'),
(2830, 57, 136, '0.00'),
(2831, 57, 137, '0.00'),
(2832, 57, 138, '0.00'),
(2833, 57, 139, '0.00'),
(2834, 57, 140, '0.00'),
(2835, 57, 141, '0.00'),
(2836, 57, 142, '0.00'),
(2837, 57, 143, '0.00'),
(2838, 57, 144, '0.00'),
(2839, 57, 145, '0.00'),
(2840, 57, 146, '0.00'),
(2841, 57, 147, '0.00'),
(2842, 57, 148, '0.00'),
(2843, 57, 149, '0.00'),
(2844, 57, 150, '0.00'),
(2845, 57, 151, '0.00'),
(2846, 57, 152, '0.00'),
(2847, 57, 153, '0.00'),
(2848, 57, 154, '0.00'),
(2849, 57, 155, '0.00'),
(2850, 57, 156, '0.00'),
(2851, 57, 157, '0.00'),
(2852, 57, 158, '0.00'),
(2853, 57, 159, '0.00'),
(2854, 57, 160, '0.00'),
(2855, 57, 161, '0.00'),
(2856, 57, 162, '0.00'),
(2857, 57, 163, '0.00'),
(2858, 57, 164, '0.00'),
(2859, 57, 165, '0.00'),
(2860, 57, 166, '0.00'),
(2861, 57, 167, '0.00'),
(2862, 57, 168, '0.00'),
(2863, 57, 169, '0.00'),
(2864, 57, 170, '0.00'),
(2865, 57, 171, '0.00'),
(2866, 57, 172, '0.00'),
(2867, 57, 173, '0.00'),
(2868, 57, 174, '0.00'),
(2869, 57, 175, '0.00'),
(2870, 57, 176, '0.00'),
(2871, 57, 177, '0.00'),
(2872, 57, 178, '0.00'),
(2873, 57, 179, '0.00'),
(2874, 57, 180, '0.00'),
(2875, 57, 181, '0.00'),
(2876, 58, 127, '0.00'),
(2877, 58, 128, '0.00'),
(2878, 58, 129, '0.00'),
(2879, 58, 130, '0.00'),
(2880, 58, 131, '0.00'),
(2881, 58, 132, '0.00'),
(2882, 58, 133, '0.00'),
(2883, 58, 134, '0.00'),
(2884, 58, 135, '0.00'),
(2885, 58, 136, '0.00'),
(2886, 58, 137, '0.00'),
(2887, 58, 138, '0.00'),
(2888, 58, 139, '0.00'),
(2889, 58, 140, '0.00'),
(2890, 58, 141, '0.00'),
(2891, 58, 142, '0.00'),
(2892, 58, 143, '0.00'),
(2893, 58, 144, '0.00'),
(2894, 58, 145, '0.00'),
(2895, 58, 146, '0.00'),
(2896, 58, 147, '0.00'),
(2897, 58, 148, '0.00'),
(2898, 58, 149, '0.00'),
(2899, 58, 150, '0.00'),
(2900, 58, 151, '0.00'),
(2901, 58, 152, '0.00'),
(2902, 58, 153, '0.00'),
(2903, 58, 154, '0.00'),
(2904, 58, 155, '0.00'),
(2905, 58, 156, '0.00'),
(2906, 58, 157, '0.00'),
(2907, 58, 158, '0.00'),
(2908, 58, 159, '0.00'),
(2909, 58, 160, '0.00'),
(2910, 58, 161, '0.00'),
(2911, 58, 162, '0.00'),
(2912, 58, 163, '0.00'),
(2913, 58, 164, '0.00'),
(2914, 58, 165, '0.00'),
(2915, 58, 166, '0.00'),
(2916, 58, 167, '0.00'),
(2917, 58, 168, '0.00'),
(2918, 58, 169, '0.00'),
(2919, 58, 170, '0.00'),
(2920, 58, 171, '0.00'),
(2921, 58, 172, '0.00'),
(2922, 58, 173, '0.00'),
(2923, 58, 174, '0.00'),
(2924, 58, 175, '0.00'),
(2925, 58, 176, '0.00'),
(2926, 58, 177, '0.00'),
(2927, 58, 178, '0.00'),
(2928, 58, 179, '0.00'),
(2929, 58, 180, '0.00'),
(2930, 58, 181, '0.00'),
(2931, 59, 127, '0.00'),
(2932, 59, 128, '0.00'),
(2933, 59, 129, '0.00'),
(2934, 59, 130, '0.00'),
(2935, 59, 131, '0.00'),
(2936, 59, 132, '0.00'),
(2937, 59, 133, '0.00'),
(2938, 59, 134, '0.00'),
(2939, 59, 135, '0.00'),
(2940, 59, 136, '0.00'),
(2941, 59, 137, '0.00'),
(2942, 59, 138, '0.00'),
(2943, 59, 139, '0.00'),
(2944, 59, 140, '0.00'),
(2945, 59, 141, '0.00'),
(2946, 59, 142, '0.00'),
(2947, 59, 143, '0.00'),
(2948, 59, 144, '0.00'),
(2949, 59, 145, '0.00'),
(2950, 59, 146, '0.00'),
(2951, 59, 147, '0.00'),
(2952, 59, 148, '0.00'),
(2953, 59, 149, '0.00'),
(2954, 59, 150, '0.00'),
(2955, 59, 151, '0.00'),
(2956, 59, 152, '0.00'),
(2957, 59, 153, '0.00'),
(2958, 59, 154, '0.00'),
(2959, 59, 155, '0.00'),
(2960, 59, 156, '0.00'),
(2961, 59, 157, '0.00'),
(2962, 59, 158, '0.00'),
(2963, 59, 159, '0.00'),
(2964, 59, 160, '0.00'),
(2965, 59, 161, '0.00'),
(2966, 59, 162, '0.00'),
(2967, 59, 163, '0.00'),
(2968, 59, 164, '0.00'),
(2969, 59, 165, '0.00'),
(2970, 59, 166, '0.00'),
(2971, 59, 167, '0.00'),
(2972, 59, 168, '0.00'),
(2973, 59, 169, '0.00'),
(2974, 59, 170, '0.00'),
(2975, 59, 171, '0.00'),
(2976, 59, 172, '0.00'),
(2977, 59, 173, '0.00'),
(2978, 59, 174, '0.00'),
(2979, 59, 175, '0.00'),
(2980, 59, 176, '0.00'),
(2981, 59, 177, '0.00'),
(2982, 59, 178, '0.00'),
(2983, 59, 179, '0.00'),
(2984, 59, 180, '0.00'),
(2985, 59, 181, '0.00'),
(2986, 60, 127, '0.00'),
(2987, 60, 128, '0.00'),
(2988, 60, 129, '0.00'),
(2989, 60, 130, '0.00'),
(2990, 60, 131, '0.00'),
(2991, 60, 132, '0.00'),
(2992, 60, 133, '0.00'),
(2993, 60, 134, '0.00'),
(2994, 60, 135, '0.00'),
(2995, 60, 136, '0.00'),
(2996, 60, 137, '0.00'),
(2997, 60, 138, '0.00'),
(2998, 60, 139, '0.00'),
(2999, 60, 140, '0.00'),
(3000, 60, 141, '0.00'),
(3001, 60, 142, '0.00'),
(3002, 60, 143, '0.00'),
(3003, 60, 144, '0.00'),
(3004, 60, 145, '0.00'),
(3005, 60, 146, '0.00'),
(3006, 60, 147, '0.00'),
(3007, 60, 148, '0.00'),
(3008, 60, 149, '0.00'),
(3009, 60, 150, '0.00'),
(3010, 60, 151, '0.00'),
(3011, 60, 152, '0.00'),
(3012, 60, 153, '0.00'),
(3013, 60, 154, '0.00'),
(3014, 60, 155, '0.00'),
(3015, 60, 156, '0.00'),
(3016, 60, 157, '0.00'),
(3017, 60, 158, '0.00'),
(3018, 60, 159, '0.00'),
(3019, 60, 160, '0.00'),
(3020, 60, 161, '0.00'),
(3021, 60, 162, '0.00'),
(3022, 60, 163, '0.00'),
(3023, 60, 164, '0.00'),
(3024, 60, 165, '0.00'),
(3025, 60, 166, '0.00'),
(3026, 60, 167, '0.00'),
(3027, 60, 168, '0.00'),
(3028, 60, 169, '0.00'),
(3029, 60, 170, '0.00'),
(3030, 60, 171, '0.00'),
(3031, 60, 172, '0.00'),
(3032, 60, 173, '0.00'),
(3033, 60, 174, '0.00'),
(3034, 60, 175, '0.00'),
(3035, 60, 176, '0.00'),
(3036, 60, 177, '0.00'),
(3037, 60, 178, '0.00'),
(3038, 60, 179, '0.00'),
(3039, 60, 180, '0.00'),
(3040, 60, 181, '0.00'),
(3041, 61, 127, '0.00'),
(3042, 61, 128, '0.00'),
(3043, 61, 129, '0.00'),
(3044, 61, 130, '0.00'),
(3045, 61, 131, '0.00'),
(3046, 61, 132, '0.00'),
(3047, 61, 133, '0.00'),
(3048, 61, 134, '0.00'),
(3049, 61, 135, '0.00'),
(3050, 61, 136, '0.00'),
(3051, 61, 137, '0.00'),
(3052, 61, 138, '0.00'),
(3053, 61, 139, '0.00'),
(3054, 61, 140, '0.00'),
(3055, 61, 141, '0.00'),
(3056, 61, 142, '0.00'),
(3057, 61, 143, '0.00'),
(3058, 61, 144, '0.00'),
(3059, 61, 145, '0.00'),
(3060, 61, 146, '0.00'),
(3061, 61, 147, '0.00'),
(3062, 61, 148, '0.00'),
(3063, 61, 149, '0.00'),
(3064, 61, 150, '0.00'),
(3065, 61, 151, '0.00'),
(3066, 61, 152, '0.00'),
(3067, 61, 153, '0.00'),
(3068, 61, 154, '0.00'),
(3069, 61, 155, '0.00'),
(3070, 61, 156, '0.00'),
(3071, 61, 157, '0.00'),
(3072, 61, 158, '0.00'),
(3073, 61, 159, '0.00'),
(3074, 61, 160, '0.00'),
(3075, 61, 161, '0.00'),
(3076, 61, 162, '0.00'),
(3077, 61, 163, '0.00'),
(3078, 61, 164, '0.00'),
(3079, 61, 165, '0.00'),
(3080, 61, 166, '0.00'),
(3081, 61, 167, '0.00'),
(3082, 61, 168, '0.00'),
(3083, 61, 169, '0.00'),
(3084, 61, 170, '0.00'),
(3085, 61, 171, '0.00'),
(3086, 61, 172, '0.00'),
(3087, 61, 173, '0.00'),
(3088, 61, 174, '0.00'),
(3089, 61, 175, '0.00'),
(3090, 61, 176, '0.00'),
(3091, 61, 177, '0.00'),
(3092, 61, 178, '0.00'),
(3093, 61, 179, '0.00'),
(3094, 61, 180, '0.00'),
(3095, 61, 181, '0.00'),
(3096, 62, 127, '0.00'),
(3097, 62, 128, '0.00'),
(3098, 62, 129, '0.00'),
(3099, 62, 130, '0.00'),
(3100, 62, 131, '0.00'),
(3101, 62, 132, '0.00'),
(3102, 62, 133, '0.00'),
(3103, 62, 134, '0.00'),
(3104, 62, 135, '0.00'),
(3105, 62, 136, '0.00'),
(3106, 62, 137, '0.00'),
(3107, 62, 138, '0.00'),
(3108, 62, 139, '0.00'),
(3109, 62, 140, '0.00'),
(3110, 62, 141, '0.00'),
(3111, 62, 142, '0.00'),
(3112, 62, 143, '0.00'),
(3113, 62, 144, '0.00'),
(3114, 62, 145, '0.00'),
(3115, 62, 146, '0.00'),
(3116, 62, 147, '0.00'),
(3117, 62, 148, '0.00'),
(3118, 62, 149, '0.00'),
(3119, 62, 150, '0.00'),
(3120, 62, 151, '0.00'),
(3121, 62, 152, '0.00'),
(3122, 62, 153, '0.00'),
(3123, 62, 154, '0.00'),
(3124, 62, 155, '0.00'),
(3125, 62, 156, '0.00'),
(3126, 62, 157, '0.00'),
(3127, 62, 158, '0.00'),
(3128, 62, 159, '0.00'),
(3129, 62, 160, '0.00'),
(3130, 62, 161, '0.00'),
(3131, 62, 162, '0.00'),
(3132, 62, 163, '0.00'),
(3133, 62, 164, '0.00'),
(3134, 62, 165, '0.00'),
(3135, 62, 166, '0.00'),
(3136, 62, 167, '0.00'),
(3137, 62, 168, '0.00'),
(3138, 62, 169, '0.00'),
(3139, 62, 170, '0.00'),
(3140, 62, 171, '0.00'),
(3141, 62, 172, '0.00'),
(3142, 62, 173, '0.00'),
(3143, 62, 174, '0.00'),
(3144, 62, 175, '0.00'),
(3145, 62, 176, '0.00'),
(3146, 62, 177, '0.00'),
(3147, 62, 178, '0.00'),
(3148, 62, 179, '0.00'),
(3149, 62, 180, '0.00'),
(3150, 62, 181, '0.00'),
(3151, 63, 127, '0.00'),
(3152, 63, 128, '0.00'),
(3153, 63, 129, '0.00'),
(3154, 63, 130, '0.00'),
(3155, 63, 131, '0.00'),
(3156, 63, 132, '0.00'),
(3157, 63, 133, '0.00'),
(3158, 63, 134, '0.00'),
(3159, 63, 135, '0.00'),
(3160, 63, 136, '0.00'),
(3161, 63, 137, '0.00'),
(3162, 63, 138, '0.00'),
(3163, 63, 139, '0.00'),
(3164, 63, 140, '0.00'),
(3165, 63, 141, '0.00'),
(3166, 63, 142, '0.00'),
(3167, 63, 143, '0.00'),
(3168, 63, 144, '0.00'),
(3169, 63, 145, '0.00'),
(3170, 63, 146, '0.00'),
(3171, 63, 147, '0.00'),
(3172, 63, 148, '0.00'),
(3173, 63, 149, '0.00'),
(3174, 63, 150, '0.00'),
(3175, 63, 151, '0.00'),
(3176, 63, 152, '0.00'),
(3177, 63, 153, '0.00'),
(3178, 63, 154, '0.00'),
(3179, 63, 155, '0.00'),
(3180, 63, 156, '0.00'),
(3181, 63, 157, '0.00'),
(3182, 63, 158, '0.00'),
(3183, 63, 159, '0.00'),
(3184, 63, 160, '0.00'),
(3185, 63, 161, '0.00'),
(3186, 63, 162, '0.00'),
(3187, 63, 163, '0.00'),
(3188, 63, 164, '0.00'),
(3189, 63, 165, '0.00'),
(3190, 63, 166, '0.00'),
(3191, 63, 167, '0.00'),
(3192, 63, 168, '0.00'),
(3193, 63, 169, '0.00'),
(3194, 63, 170, '0.00'),
(3195, 63, 171, '0.00'),
(3196, 63, 172, '0.00'),
(3197, 63, 173, '0.00'),
(3198, 63, 174, '0.00'),
(3199, 63, 175, '0.00'),
(3200, 63, 176, '0.00'),
(3201, 63, 177, '0.00'),
(3202, 63, 178, '0.00'),
(3203, 63, 179, '0.00'),
(3204, 63, 180, '0.00'),
(3205, 63, 181, '0.00'),
(3206, 64, 127, '0.00'),
(3207, 64, 128, '0.00'),
(3208, 64, 129, '0.00'),
(3209, 64, 130, '0.00'),
(3210, 64, 131, '0.00'),
(3211, 64, 132, '0.00'),
(3212, 64, 133, '0.00'),
(3213, 64, 134, '0.00'),
(3214, 64, 135, '0.00'),
(3215, 64, 136, '0.00'),
(3216, 64, 137, '0.00'),
(3217, 64, 138, '0.00'),
(3218, 64, 139, '0.00'),
(3219, 64, 140, '0.00'),
(3220, 64, 141, '0.00'),
(3221, 64, 142, '0.00'),
(3222, 64, 143, '0.00'),
(3223, 64, 144, '0.00'),
(3224, 64, 145, '0.00'),
(3225, 64, 146, '0.00'),
(3226, 64, 147, '0.00'),
(3227, 64, 148, '0.00'),
(3228, 64, 149, '0.00'),
(3229, 64, 150, '0.00'),
(3230, 64, 151, '0.00'),
(3231, 64, 152, '0.00'),
(3232, 64, 153, '0.00'),
(3233, 64, 154, '0.00'),
(3234, 64, 155, '0.00'),
(3235, 64, 156, '0.00'),
(3236, 64, 157, '0.00'),
(3237, 64, 158, '0.00'),
(3238, 64, 159, '0.00'),
(3239, 64, 160, '0.00'),
(3240, 64, 161, '0.00'),
(3241, 64, 162, '0.00'),
(3242, 64, 163, '0.00'),
(3243, 64, 164, '0.00'),
(3244, 64, 165, '0.00'),
(3245, 64, 166, '0.00'),
(3246, 64, 167, '0.00'),
(3247, 64, 168, '0.00'),
(3248, 64, 169, '0.00'),
(3249, 64, 170, '0.00'),
(3250, 64, 171, '0.00'),
(3251, 64, 172, '0.00'),
(3252, 64, 173, '0.00'),
(3253, 64, 174, '0.00'),
(3254, 64, 175, '0.00'),
(3255, 64, 176, '0.00'),
(3256, 64, 177, '0.00'),
(3257, 64, 178, '0.00'),
(3258, 64, 179, '0.00'),
(3259, 64, 180, '0.00'),
(3260, 64, 181, '0.00'),
(3261, 65, 127, '0.00'),
(3262, 65, 128, '0.00'),
(3263, 65, 129, '0.00'),
(3264, 65, 130, '0.00'),
(3265, 65, 131, '0.00'),
(3266, 65, 132, '0.00'),
(3267, 65, 133, '0.00'),
(3268, 65, 134, '0.00'),
(3269, 65, 135, '0.00'),
(3270, 65, 136, '0.00'),
(3271, 65, 137, '0.00'),
(3272, 65, 138, '0.00'),
(3273, 65, 139, '0.00'),
(3274, 65, 140, '0.00'),
(3275, 65, 141, '0.00'),
(3276, 65, 142, '0.00'),
(3277, 65, 143, '0.00'),
(3278, 65, 144, '0.00'),
(3279, 65, 145, '0.00'),
(3280, 65, 146, '0.00'),
(3281, 65, 147, '0.00'),
(3282, 65, 148, '0.00'),
(3283, 65, 149, '0.00'),
(3284, 65, 150, '0.00'),
(3285, 65, 151, '0.00'),
(3286, 65, 152, '0.00'),
(3287, 65, 153, '0.00'),
(3288, 65, 154, '0.00'),
(3289, 65, 155, '0.00'),
(3290, 65, 156, '0.00'),
(3291, 65, 157, '0.00'),
(3292, 65, 158, '0.00'),
(3293, 65, 159, '0.00'),
(3294, 65, 160, '0.00'),
(3295, 65, 161, '0.00'),
(3296, 65, 162, '0.00'),
(3297, 65, 163, '0.00'),
(3298, 65, 164, '0.00'),
(3299, 65, 165, '0.00'),
(3300, 65, 166, '0.00'),
(3301, 65, 167, '0.00'),
(3302, 65, 168, '0.00'),
(3303, 65, 169, '0.00'),
(3304, 65, 170, '0.00'),
(3305, 65, 171, '0.00'),
(3306, 65, 172, '0.00'),
(3307, 65, 173, '0.00'),
(3308, 65, 174, '0.00'),
(3309, 65, 175, '0.00'),
(3310, 65, 176, '0.00'),
(3311, 65, 177, '0.00'),
(3312, 65, 178, '0.00'),
(3313, 65, 179, '0.00'),
(3314, 65, 180, '0.00'),
(3315, 65, 181, '0.00'),
(3316, 66, 127, '0.00'),
(3317, 66, 128, '0.00'),
(3318, 66, 129, '0.00'),
(3319, 66, 130, '0.00'),
(3320, 66, 131, '0.00'),
(3321, 66, 132, '0.00'),
(3322, 66, 133, '0.00'),
(3323, 66, 134, '0.00'),
(3324, 66, 135, '0.00'),
(3325, 66, 136, '0.00'),
(3326, 66, 137, '0.00'),
(3327, 66, 138, '0.00'),
(3328, 66, 139, '0.00'),
(3329, 66, 140, '0.00'),
(3330, 66, 141, '0.00'),
(3331, 66, 142, '0.00'),
(3332, 66, 143, '0.00'),
(3333, 66, 144, '0.00'),
(3334, 66, 145, '0.00'),
(3335, 66, 146, '0.00'),
(3336, 66, 147, '0.00'),
(3337, 66, 148, '0.00'),
(3338, 66, 149, '0.00'),
(3339, 66, 150, '0.00'),
(3340, 66, 151, '0.00'),
(3341, 66, 152, '0.00'),
(3342, 66, 153, '0.00'),
(3343, 66, 154, '0.00'),
(3344, 66, 155, '0.00'),
(3345, 66, 156, '0.00'),
(3346, 66, 157, '0.00'),
(3347, 66, 158, '0.00'),
(3348, 66, 159, '0.00'),
(3349, 66, 160, '0.00'),
(3350, 66, 161, '0.00'),
(3351, 66, 162, '0.00'),
(3352, 66, 163, '0.00'),
(3353, 66, 164, '0.00'),
(3354, 66, 165, '0.00'),
(3355, 66, 166, '0.00'),
(3356, 66, 167, '0.00'),
(3357, 66, 168, '0.00'),
(3358, 66, 169, '0.00'),
(3359, 66, 170, '0.00'),
(3360, 66, 171, '0.00'),
(3361, 66, 172, '0.00'),
(3362, 66, 173, '0.00'),
(3363, 66, 174, '0.00'),
(3364, 66, 175, '0.00'),
(3365, 66, 176, '0.00'),
(3366, 66, 177, '0.00'),
(3367, 66, 178, '0.00'),
(3368, 66, 179, '0.00'),
(3369, 66, 180, '0.00'),
(3370, 66, 181, '0.00'),
(3371, 67, 127, '0.00'),
(3372, 67, 128, '0.00'),
(3373, 67, 129, '0.00'),
(3374, 67, 130, '0.00'),
(3375, 67, 131, '0.00'),
(3376, 67, 132, '0.00'),
(3377, 67, 133, '0.00'),
(3378, 67, 134, '0.00'),
(3379, 67, 135, '0.00'),
(3380, 67, 136, '0.00'),
(3381, 67, 137, '0.00'),
(3382, 67, 138, '0.00'),
(3383, 67, 139, '0.00'),
(3384, 67, 140, '0.00'),
(3385, 67, 141, '0.00'),
(3386, 67, 142, '0.00'),
(3387, 67, 143, '0.00'),
(3388, 67, 144, '0.00'),
(3389, 67, 145, '0.00'),
(3390, 67, 146, '0.00'),
(3391, 67, 147, '0.00'),
(3392, 67, 148, '0.00'),
(3393, 67, 149, '0.00'),
(3394, 67, 150, '0.00'),
(3395, 67, 151, '0.00'),
(3396, 67, 152, '0.00'),
(3397, 67, 153, '0.00'),
(3398, 67, 154, '0.00'),
(3399, 67, 155, '0.00'),
(3400, 67, 156, '0.00'),
(3401, 67, 157, '0.00'),
(3402, 67, 158, '0.00'),
(3403, 67, 159, '0.00'),
(3404, 67, 160, '0.00'),
(3405, 67, 161, '0.00'),
(3406, 67, 162, '0.00'),
(3407, 67, 163, '0.00'),
(3408, 67, 164, '0.00'),
(3409, 67, 165, '0.00'),
(3410, 67, 166, '0.00'),
(3411, 67, 167, '0.00'),
(3412, 67, 168, '0.00'),
(3413, 67, 169, '0.00'),
(3414, 67, 170, '0.00'),
(3415, 67, 171, '0.00'),
(3416, 67, 172, '0.00'),
(3417, 67, 173, '0.00'),
(3418, 67, 174, '0.00'),
(3419, 67, 175, '0.00'),
(3420, 67, 176, '0.00'),
(3421, 67, 177, '0.00'),
(3422, 67, 178, '0.00'),
(3423, 67, 179, '0.00'),
(3424, 67, 180, '0.00'),
(3425, 67, 181, '0.00'),
(3426, 68, 127, '0.00'),
(3427, 68, 128, '0.00'),
(3428, 68, 129, '0.00'),
(3429, 68, 130, '0.00'),
(3430, 68, 131, '0.00'),
(3431, 68, 132, '0.00'),
(3432, 68, 133, '0.00'),
(3433, 68, 134, '0.00'),
(3434, 68, 135, '0.00'),
(3435, 68, 136, '0.00'),
(3436, 68, 137, '0.00'),
(3437, 68, 138, '0.00'),
(3438, 68, 139, '0.00'),
(3439, 68, 140, '0.00'),
(3440, 68, 141, '0.00'),
(3441, 68, 142, '0.00'),
(3442, 68, 143, '0.00'),
(3443, 68, 144, '0.00'),
(3444, 68, 145, '0.00'),
(3445, 68, 146, '0.00'),
(3446, 68, 147, '0.00'),
(3447, 68, 148, '0.00'),
(3448, 68, 149, '0.00'),
(3449, 68, 150, '0.00'),
(3450, 68, 151, '0.00'),
(3451, 68, 152, '0.00'),
(3452, 68, 153, '0.00'),
(3453, 68, 154, '0.00'),
(3454, 68, 155, '0.00'),
(3455, 68, 156, '0.00'),
(3456, 68, 157, '0.00'),
(3457, 68, 158, '0.00'),
(3458, 68, 159, '0.00'),
(3459, 68, 160, '0.00'),
(3460, 68, 161, '0.00'),
(3461, 68, 162, '0.00'),
(3462, 68, 163, '0.00'),
(3463, 68, 164, '0.00'),
(3464, 68, 165, '0.00'),
(3465, 68, 166, '0.00'),
(3466, 68, 167, '0.00'),
(3467, 68, 168, '0.00'),
(3468, 68, 169, '0.00'),
(3469, 68, 170, '0.00'),
(3470, 68, 171, '0.00'),
(3471, 68, 172, '0.00'),
(3472, 68, 173, '0.00'),
(3473, 68, 174, '0.00'),
(3474, 68, 175, '0.00'),
(3475, 68, 176, '0.00'),
(3476, 68, 177, '0.00'),
(3477, 68, 178, '0.00'),
(3478, 68, 179, '0.00'),
(3479, 68, 180, '0.00'),
(3480, 68, 181, '0.00'),
(3481, 69, 127, '0.00'),
(3482, 69, 128, '0.00'),
(3483, 69, 129, '0.00'),
(3484, 69, 130, '0.00'),
(3485, 69, 131, '0.00'),
(3486, 69, 132, '0.00'),
(3487, 69, 133, '0.00'),
(3488, 69, 134, '0.00'),
(3489, 69, 135, '0.00'),
(3490, 69, 136, '0.00'),
(3491, 69, 137, '0.00'),
(3492, 69, 138, '0.00'),
(3493, 69, 139, '0.00'),
(3494, 69, 140, '0.00'),
(3495, 69, 141, '0.00'),
(3496, 69, 142, '0.00'),
(3497, 69, 143, '0.00'),
(3498, 69, 144, '0.00'),
(3499, 69, 145, '0.00'),
(3500, 69, 146, '0.00'),
(3501, 69, 147, '0.00'),
(3502, 69, 148, '0.00'),
(3503, 69, 149, '0.00'),
(3504, 69, 150, '0.00'),
(3505, 69, 151, '0.00'),
(3506, 69, 152, '0.00'),
(3507, 69, 153, '0.00'),
(3508, 69, 154, '0.00'),
(3509, 69, 155, '0.00'),
(3510, 69, 156, '0.00'),
(3511, 69, 157, '0.00'),
(3512, 69, 158, '0.00'),
(3513, 69, 159, '0.00'),
(3514, 69, 160, '0.00'),
(3515, 69, 161, '0.00'),
(3516, 69, 162, '0.00'),
(3517, 69, 163, '0.00'),
(3518, 69, 164, '0.00'),
(3519, 69, 165, '0.00'),
(3520, 69, 166, '0.00'),
(3521, 69, 167, '0.00'),
(3522, 69, 168, '0.00'),
(3523, 69, 169, '0.00'),
(3524, 69, 170, '0.00'),
(3525, 69, 171, '0.00'),
(3526, 69, 172, '0.00'),
(3527, 69, 173, '0.00'),
(3528, 69, 174, '0.00'),
(3529, 69, 175, '0.00'),
(3530, 69, 176, '0.00'),
(3531, 69, 177, '0.00'),
(3532, 69, 178, '0.00'),
(3533, 69, 179, '0.00'),
(3534, 69, 180, '0.00'),
(3535, 69, 181, '0.00'),
(3536, 70, 127, '0.00'),
(3537, 70, 128, '0.00'),
(3538, 70, 129, '0.00'),
(3539, 70, 130, '0.00'),
(3540, 70, 131, '0.00'),
(3541, 70, 132, '0.00'),
(3542, 70, 133, '0.00'),
(3543, 70, 134, '0.00'),
(3544, 70, 135, '0.00'),
(3545, 70, 136, '0.00'),
(3546, 70, 137, '0.00'),
(3547, 70, 138, '0.00'),
(3548, 70, 139, '0.00'),
(3549, 70, 140, '0.00'),
(3550, 70, 141, '0.00'),
(3551, 70, 142, '0.00'),
(3552, 70, 143, '0.00'),
(3553, 70, 144, '0.00'),
(3554, 70, 145, '0.00'),
(3555, 70, 146, '0.00'),
(3556, 70, 147, '0.00'),
(3557, 70, 148, '0.00'),
(3558, 70, 149, '0.00'),
(3559, 70, 150, '0.00'),
(3560, 70, 151, '0.00'),
(3561, 70, 152, '0.00'),
(3562, 70, 153, '0.00'),
(3563, 70, 154, '0.00'),
(3564, 70, 155, '0.00'),
(3565, 70, 156, '0.00'),
(3566, 70, 157, '0.00'),
(3567, 70, 158, '0.00'),
(3568, 70, 159, '0.00'),
(3569, 70, 160, '0.00'),
(3570, 70, 161, '0.00'),
(3571, 70, 162, '0.00'),
(3572, 70, 163, '0.00'),
(3573, 70, 164, '0.00'),
(3574, 70, 165, '0.00'),
(3575, 70, 166, '0.00'),
(3576, 70, 167, '0.00'),
(3577, 70, 168, '0.00'),
(3578, 70, 169, '0.00'),
(3579, 70, 170, '0.00'),
(3580, 70, 171, '0.00'),
(3581, 70, 172, '0.00'),
(3582, 70, 173, '0.00'),
(3583, 70, 174, '0.00'),
(3584, 70, 175, '0.00'),
(3585, 70, 176, '0.00'),
(3586, 70, 177, '0.00'),
(3587, 70, 178, '0.00'),
(3588, 70, 179, '0.00'),
(3589, 70, 180, '0.00'),
(3590, 70, 181, '0.00'),
(3591, 71, 127, '0.00'),
(3592, 71, 128, '0.00'),
(3593, 71, 129, '0.00'),
(3594, 71, 130, '0.00'),
(3595, 71, 131, '0.00'),
(3596, 71, 132, '0.00'),
(3597, 71, 133, '0.00'),
(3598, 71, 134, '0.00'),
(3599, 71, 135, '0.00'),
(3600, 71, 136, '0.00'),
(3601, 71, 137, '0.00'),
(3602, 71, 138, '0.00'),
(3603, 71, 139, '0.00'),
(3604, 71, 140, '0.00'),
(3605, 71, 141, '0.00'),
(3606, 71, 142, '0.00'),
(3607, 71, 143, '0.00'),
(3608, 71, 144, '0.00'),
(3609, 71, 145, '0.00'),
(3610, 71, 146, '0.00'),
(3611, 71, 147, '0.00'),
(3612, 71, 148, '0.00'),
(3613, 71, 149, '0.00'),
(3614, 71, 150, '0.00'),
(3615, 71, 151, '0.00'),
(3616, 71, 152, '0.00'),
(3617, 71, 153, '0.00'),
(3618, 71, 154, '0.00'),
(3619, 71, 155, '0.00'),
(3620, 71, 156, '0.00'),
(3621, 71, 157, '0.00'),
(3622, 71, 158, '0.00'),
(3623, 71, 159, '0.00'),
(3624, 71, 160, '0.00'),
(3625, 71, 161, '0.00'),
(3626, 71, 162, '0.00'),
(3627, 71, 163, '0.00'),
(3628, 71, 164, '0.00'),
(3629, 71, 165, '0.00'),
(3630, 71, 166, '0.00'),
(3631, 71, 167, '0.00'),
(3632, 71, 168, '0.00'),
(3633, 71, 169, '0.00'),
(3634, 71, 170, '0.00'),
(3635, 71, 171, '0.00'),
(3636, 71, 172, '0.00'),
(3637, 71, 173, '0.00'),
(3638, 71, 174, '0.00'),
(3639, 71, 175, '0.00'),
(3640, 71, 176, '0.00'),
(3641, 71, 177, '0.00'),
(3642, 71, 178, '0.00'),
(3643, 71, 179, '0.00'),
(3644, 71, 180, '0.00'),
(3645, 71, 181, '0.00'),
(3646, 72, 127, '0.00'),
(3647, 72, 128, '0.00'),
(3648, 72, 129, '0.00'),
(3649, 72, 130, '0.00'),
(3650, 72, 131, '0.00'),
(3651, 72, 132, '0.00'),
(3652, 72, 133, '0.00'),
(3653, 72, 134, '0.00'),
(3654, 72, 135, '0.00'),
(3655, 72, 136, '0.00'),
(3656, 72, 137, '0.00'),
(3657, 72, 138, '0.00'),
(3658, 72, 139, '0.00'),
(3659, 72, 140, '0.00'),
(3660, 72, 141, '0.00'),
(3661, 72, 142, '0.00'),
(3662, 72, 143, '0.00'),
(3663, 72, 144, '0.00'),
(3664, 72, 145, '0.00'),
(3665, 72, 146, '0.00'),
(3666, 72, 147, '0.00'),
(3667, 72, 148, '0.00'),
(3668, 72, 149, '0.00'),
(3669, 72, 150, '0.00'),
(3670, 72, 151, '0.00'),
(3671, 72, 152, '0.00'),
(3672, 72, 153, '0.00'),
(3673, 72, 154, '0.00'),
(3674, 72, 155, '0.00'),
(3675, 72, 156, '0.00'),
(3676, 72, 157, '0.00'),
(3677, 72, 158, '0.00'),
(3678, 72, 159, '0.00'),
(3679, 72, 160, '0.00'),
(3680, 72, 161, '0.00'),
(3681, 72, 162, '0.00'),
(3682, 72, 163, '0.00'),
(3683, 72, 164, '0.00'),
(3684, 72, 165, '0.00'),
(3685, 72, 166, '0.00'),
(3686, 72, 167, '0.00'),
(3687, 72, 168, '0.00'),
(3688, 72, 169, '0.00'),
(3689, 72, 170, '0.00'),
(3690, 72, 171, '0.00'),
(3691, 72, 172, '0.00'),
(3692, 72, 173, '0.00'),
(3693, 72, 174, '0.00'),
(3694, 72, 175, '0.00'),
(3695, 72, 176, '0.00'),
(3696, 72, 177, '0.00'),
(3697, 72, 178, '0.00'),
(3698, 72, 179, '0.00'),
(3699, 72, 180, '0.00'),
(3700, 72, 181, '0.00'),
(3701, 73, 127, '0.00'),
(3702, 73, 128, '0.00'),
(3703, 73, 129, '0.00'),
(3704, 73, 130, '0.00'),
(3705, 73, 131, '0.00'),
(3706, 73, 132, '0.00'),
(3707, 73, 133, '0.00'),
(3708, 73, 134, '0.00'),
(3709, 73, 135, '0.00'),
(3710, 73, 136, '0.00'),
(3711, 73, 137, '0.00'),
(3712, 73, 138, '0.00'),
(3713, 73, 139, '0.00'),
(3714, 73, 140, '0.00'),
(3715, 73, 141, '0.00'),
(3716, 73, 142, '0.00'),
(3717, 73, 143, '0.00'),
(3718, 73, 144, '0.00'),
(3719, 73, 145, '0.00'),
(3720, 73, 146, '0.00'),
(3721, 73, 147, '0.00'),
(3722, 73, 148, '0.00'),
(3723, 73, 149, '0.00'),
(3724, 73, 150, '0.00'),
(3725, 73, 151, '0.00'),
(3726, 73, 152, '0.00'),
(3727, 73, 153, '0.00'),
(3728, 73, 154, '0.00'),
(3729, 73, 155, '0.00'),
(3730, 73, 156, '0.00'),
(3731, 73, 157, '0.00'),
(3732, 73, 158, '0.00'),
(3733, 73, 159, '0.00'),
(3734, 73, 160, '0.00'),
(3735, 73, 161, '0.00'),
(3736, 73, 162, '0.00'),
(3737, 73, 163, '0.00'),
(3738, 73, 164, '0.00'),
(3739, 73, 165, '0.00'),
(3740, 73, 166, '0.00'),
(3741, 73, 167, '0.00'),
(3742, 73, 168, '0.00'),
(3743, 73, 169, '0.00'),
(3744, 73, 170, '0.00'),
(3745, 73, 171, '0.00'),
(3746, 73, 172, '0.00'),
(3747, 73, 173, '0.00'),
(3748, 73, 174, '0.00'),
(3749, 73, 175, '0.00'),
(3750, 73, 176, '0.00'),
(3751, 73, 177, '0.00'),
(3752, 73, 178, '0.00'),
(3753, 73, 179, '0.00'),
(3754, 73, 180, '0.00'),
(3755, 73, 181, '0.00');

--
-- Volcado de datos para la tabla `inv_0007_indicador`
--



update cuenta_valor set valor= 1
where id_cuenta = 56;

